count,detect_count,time,response,tag_velK,anzenK,uv_velK,bbox_lefttop_x,bbox_lefttop_y,bbox_rightbottom_x,bbox_rightbottom_y,pure_bbox_lefttop_x,pure_bbox_lefttop_y,pure_bbox_rightbottom_x,pure_bbox_rightbottom_y,episode,reward
0.0,0.0,1.2810957431793213,-1614237463.325025,1.0,2.0,0.0,0.0,0.0,1280.0,720.0,0.0,0.0,0.0,0.0,1.0,0.0
0.0,1.0,1.406233787536621,0.1250932216644287,1.0,2.0,0.0,951.3569946494105,229.52494284811593,997.1608063880755,273.9863619453573,962.8079475840767,240.64029762242626,985.7098534534092,262.871007171047,1.0,0.0
0.0,1.0,1.425177812576294,0.01897406578063965,1.0,2.0,0.0,952.3055214550257,229.36473414476077,996.238073819065,273.76688204202253,963.2886595460354,240.46527111907622,985.2549357280552,262.6663450677071,1.0,0.0
0.0,1.0,1.5049662590026855,0.07980155944824219,1.0,2.0,0.0,951.8947240208817,229.54530542492853,996.3393898393377,273.5110294450808,963.0058904754957,240.5367364299666,985.2282233847237,262.5195984400427,1.0,0.0
0.0,1.0,1.547450065612793,0.0424809455871582,1.0,2.0,0.0,952.062315073009,229.7443048933229,997.0198826236546,273.8903842589947,963.3017069606703,240.78082473474086,985.7804907359932,262.85386441757674,1.0,0.0
0.0,1.0,1.647247076034546,0.09980344772338867,1.0,2.0,0.0,951.7852562395415,229.5831166689915,996.633932157318,273.7676938501387,962.9974252189857,240.6292609642783,985.4217631778738,262.7215495548519,1.0,0.0
0.0,1.0,1.6890804767608643,0.04183530807495117,1.0,2.0,0.0,951.8198399601164,229.4198100085016,996.8619385593528,273.73375522395173,963.0803646099255,240.49829631236412,985.6014139095437,262.6552689200892,1.0,0.0
0.0,1.0,1.7460830211639404,0.05700325965881348,1.0,2.0,0.0,951.703957200842,229.74352364736126,996.5766646436822,273.8250143158074,962.922134061552,240.7638963144728,985.3584877829721,262.80464164869585,1.0,0.0
0.0,1.0,1.7982280254364014,0.05214285850524902,1.0,2.0,0.0,952.3623339297877,229.336335382365,996.2425718491339,273.47981802175576,963.3323934096243,240.3722060422127,985.2725123692974,262.44394736190804,1.0,0.0
0.0,1.0,1.8776373863220215,0.07940840721130371,1.0,2.0,0.0,951.7524711995965,229.9205035652729,996.6022072229044,273.8579094950707,962.9649052054235,240.90485504772235,985.3897732170774,262.8735580126213,1.0,0.0
0.0,1.0,1.9117934703826904,0.03415060043334961,1.0,2.0,0.0,952.535227224754,229.0916738083906,996.375956131423,273.7300188064363,963.4954094514212,240.25126005790202,985.4157739047557,262.57043255692486,1.0,0.0
0.0,1.0,1.9613325595855713,0.04947638511657715,1.0,2.0,0.0,952.0050332241524,229.77349085321745,996.4850259774473,273.69156193192487,963.1250314124761,240.7530086228943,985.3650277891236,262.71204416224805,1.0,0.0
0.0,1.0,2.067497730255127,0.10622143745422363,1.0,2.0,0.0,951.9628729599783,229.4482221376638,996.6717905531325,273.82532372635967,963.1401023582669,240.54249753483776,985.494561154844,262.73104832918574,1.0,0.0
0.0,1.0,2.1269888877868652,0.05951070785522461,1.0,2.0,0.0,948.2005567118471,229.46029463192727,993.0824772258114,273.6511120933966,959.4210368403382,240.5079989972946,981.8619970973203,262.6034077280293,1.0,0.0
0.0,1.0,2.1582136154174805,0.031219482421875,1.0,2.0,0.0,947.5850854417816,229.56125543962438,992.8661026696669,273.8355342954503,958.905339748753,240.62982515358087,981.5458483626956,262.7669645814939,1.0,0.0
0.0,1.0,2.2017040252685547,0.04347586631774902,1.0,2.0,0.0,948.8399712658746,229.4847973753095,992.4119907004628,273.32733011528796,959.7329761245217,240.44543056030412,981.5189858418157,262.3666969302933,1.0,0.0
0.0,1.0,2.2532620429992676,0.05156731605529785,1.0,2.0,0.0,947.3481625327004,229.3120689955777,993.0311325279179,273.74800720748607,958.7689050315048,240.4210535485548,981.6103900291134,262.63902265450895,1.0,0.0
0.0,1.0,2.316052198410034,0.06272220611572266,1.0,2.0,0.0,945.9856942922435,229.2432812848345,992.9075889546176,273.7563506765045,957.716167957837,240.371548632752,981.1771152890241,262.62808332858697,1.0,0.0
0.0,1.0,2.3531172275543213,0.03712797164916992,1.0,2.0,0.0,944.4183689117277,229.19334716395863,990.2011159839525,273.84190116397406,955.8640556797839,240.3554856639625,978.7554292158964,262.6797626639702,1.0,0.0
0.0,1.0,2.475536584854126,0.12241959571838379,1.0,2.0,0.0,942.9601148344316,229.15784217612028,989.4527717206661,273.7889459928481,954.5832790559903,240.31561813030225,977.8296074991074,262.63117003866614,1.0,0.0
0.0,1.0,2.53145170211792,0.05591988563537598,1.0,2.0,0.0,934.1264752501692,228.300020549811,981.5685416945975,273.918921121297,945.9869918612762,239.70474569268248,969.7080250834904,262.5141959784255,1.0,0.0
0.0,1.0,2.5515146255493164,0.020061492919921875,1.0,2.0,0.0,938.6847296032503,228.64697220985363,984.9760572131182,273.94314423505375,950.2575615057173,239.97101521615366,973.4032253106512,262.6191012287537,1.0,0.0
0.0,1.0,2.5954504013061523,0.04393339157104492,1.0,2.0,0.0,937.4344983766681,228.51229320469838,983.9777846035453,273.7919105610492,949.0703199333874,239.8321975437861,972.341963046826,262.47200622196146,1.0,0.0
0.0,1.0,2.642486572265625,0.04700422286987305,1.0,2.0,0.0,934.7208929746524,228.42018927731007,982.0634668355375,274.175837234287,946.5565364398738,239.8591012665543,970.2278233703162,262.7369252450427,1.0,0.0
0.0,1.0,2.6895689964294434,0.047112226486206055,1.0,2.0,0.0,935.8863323754481,228.5615363614865,982.1704796934237,273.8186981647451,947.457369204942,239.87582681230117,970.5994428639298,262.50440771393045,1.0,0.0
0.0,1.0,2.7310550212860107,0.041494131088256836,1.0,2.0,0.0,933.496860538505,228.28054684050818,980.8191600213361,274.1572192543362,945.3274354092127,239.7497149439652,968.9885851506283,262.68805115087923,1.0,0.0
0.0,1.0,2.7778303623199463,0.04675555229187012,1.0,2.0,0.0,929.9020190528234,228.09217551555884,977.1215754700692,274.21159161967336,941.7069081571349,239.62202954158747,965.3166863657577,262.6817375936447,1.0,0.0
0.0,1.0,2.8154280185699463,0.037619829177856445,1.0,2.0,0.0,931.3453932071619,228.2037459841246,977.9330929923455,274.18481467591675,942.9923181534577,239.6990131570726,966.2861680460496,262.6895475029687,1.0,0.0
0.0,1.0,2.8895177841186523,0.07408356666564941,1.0,2.0,0.0,928.4626230112024,228.28066359150432,974.9120107145595,274.1107293567216,940.0749699370417,239.73818003280866,963.2996637887202,262.65321291541727,1.0,0.0
0.0,1.0,2.93253493309021,0.04302191734313965,1.0,2.0,0.0,924.5248441322684,227.89045052122435,972.0682685355463,274.52919554596235,936.4107002330879,239.55013677740885,960.1824124347268,262.86950928977785,1.0,0.0
0.0,1.0,3.0036585330963135,0.07109594345092773,1.0,2.0,0.0,923.1373354172105,227.97411625279838,971.3771517609495,274.20785673277624,935.1972895031452,239.53255137279285,959.3171976750148,262.64942161278174,1.0,0.0
0.0,1.0,3.1147971153259277,0.11116790771484375,1.0,2.0,0.0,923.4386737917117,227.4612238309968,971.0213028372701,274.61872464345635,935.3343310531013,239.2505990341117,959.1256455758805,262.82934944034145,1.0,0.0
0.0,1.0,3.1602139472961426,0.045400142669677734,1.0,2.0,0.0,913.9551463837023,227.59358889073647,961.7581071488809,274.6242706620933,925.9058865749969,239.35125933357568,949.8073669575863,262.86660021925405,1.0,0.0
0.0,1.0,3.193108558654785,0.03290724754333496,1.0,2.0,0.0,918.1147556307656,227.502345647318,965.4990319118035,274.49100379959515,929.9608247010251,239.2495101853873,953.652962841544,262.74383926152586,1.0,0.0
0.0,1.0,3.261343002319336,0.06823062896728516,1.0,2.0,0.0,917.8295526802963,227.55914441613703,965.9165188002723,274.8838635025321,929.8512942102902,239.3903241877358,953.8947772702784,263.0526837309333,1.0,0.0
0.0,1.0,3.323823928833008,0.06248831748962402,1.0,2.0,0.0,913.0376455244119,228.42991840882655,960.2456663028466,273.65181440871874,924.8396507190206,239.7353924087996,948.443661108238,262.3463404087457,1.0,0.0
0.0,1.0,3.3581442832946777,0.03432059288024902,1.0,2.0,0.0,913.8984746426797,224.4501149839384,962.4922498696405,277.822958729658,926.04691844942,237.79332592036832,950.3438060629003,264.4797477932281,1.0,0.0
0.0,1.0,3.3896737098693848,0.0315248966217041,1.0,2.0,0.0,911.1505010602589,227.13301628100447,960.3017992034236,274.86913270436673,923.43832559605,239.06704538684505,948.0139746676324,262.93510359852615,1.0,0.0
0.0,1.0,3.436856985092163,0.047182321548461914,1.0,2.0,0.0,911.1123071240256,227.2403732235393,960.1481773713767,274.8575008484978,923.3712746858635,239.14465512977893,947.8892098095389,262.95321894225816,1.0,0.0
0.0,1.0,3.47602915763855,0.03917098045349121,1.0,2.0,0.0,911.862051392513,227.38054288242134,960.1023404476189,274.7597559875587,923.9221236562894,239.2253461587057,948.0422681838425,262.91495271127434,1.0,0.0
0.0,1.0,3.5370357036590576,0.06099438667297363,1.0,2.0,0.0,908.5904920767214,226.97149414512242,956.3951875860726,274.94493802847444,920.5416659540592,238.9648551159604,944.4440137087347,262.9515770576364,1.0,0.0
0.0,1.0,3.593001127243042,0.055989980697631836,1.0,2.0,0.0,904.0141919421254,226.28028169005898,953.4450713052125,275.561785154799,916.3719117828972,238.600657556244,941.0873514644408,263.241409288614,1.0,0.0
0.0,1.0,3.694234609603882,0.1012270450592041,1.0,2.0,0.0,906.7848432008315,226.75953251436678,954.9648956281839,275.22617495132295,918.8298563076696,238.87619312360582,942.9198825213457,263.1095143420839,1.0,0.0
0.0,1.0,3.7754929065704346,0.08126258850097656,1.0,2.0,0.0,899.0531317831737,226.5682052288222,947.4131043127163,275.02337023342744,911.1431249155594,238.68199647997352,935.3231111803307,262.9095789822761,1.0,0.0
0.0,1.0,3.786670446395874,0.011164665222167969,1.0,2.0,0.0,900.2252568105032,224.6556252409059,946.9523069562088,276.82068402253515,911.9070193469296,237.6968899363132,935.2705444197824,263.7794193271278,1.0,0.0
0.0,1.0,3.8230652809143066,0.036398887634277344,1.0,2.0,0.0,899.3961342711818,226.8338284169592,947.4313423925887,274.7307422150815,911.4049363015336,238.80805686648978,935.422540362237,262.7565137655509,1.0,0.0
0.0,1.0,3.8683671951293945,0.045183420181274414,1.0,2.0,0.0,899.3244110843025,224.68767279345548,946.5397459113756,277.01444748807535,911.1282447910708,237.76936646711044,934.7359122046073,263.9327538144204,1.0,0.0
0.0,1.0,3.911850929260254,0.04358649253845215,1.0,2.0,0.0,890.7881075075993,224.80788614883986,938.5184528010475,276.45561723877586,902.7206938309614,237.71981892132385,926.5858664776854,263.54368446629184,1.0,0.0
0.0,1.0,3.9577906131744385,0.04596090316772461,1.0,2.0,0.0,891.7215280372073,224.38836974921003,939.1735730911524,276.9603515852648,903.5845393006937,237.53136520822372,927.3105618276661,263.81735612625107,1.0,0.0
0.0,1.0,4.000753164291382,0.04296398162841797,1.0,2.0,0.0,892.4617533577131,224.36767675359312,939.765150810517,276.9275766900637,904.287602720914,237.50765173771077,927.939301447316,263.78760170594603,1.0,0.0
0.0,1.0,4.041013479232788,0.040259599685668945,1.0,2.0,0.0,891.2439890763128,224.26205344438233,938.6352599501024,277.14592210935,903.0918067947603,237.48302061062424,926.787442231655,263.9249549431081,1.0,0.0
0.0,1.0,4.157111883163452,0.11608600616455078,1.0,2.0,0.0,891.4688448263017,224.47030906821024,938.8942851759099,276.8188990303663,903.3252049137038,237.55745655874927,927.0379250885078,263.73175153982726,1.0,0.0
0.0,1.0,4.21006178855896,0.05294966697692871,1.0,2.0,0.0,875.931916246904,224.76050219661423,926.362583646311,275.8223929769956,888.5395830967558,237.52597489170958,913.7549167964593,263.05692028190026,1.0,0.0
0.0,1.0,4.247250080108643,0.03717303276062012,1.0,2.0,0.0,882.4695505260439,225.3827821833833,932.7546069803008,275.0591596535715,895.0408146396081,237.80187655093036,920.1833428667366,262.6400652860244,1.0,0.0
0.0,1.0,4.304723262786865,0.05745410919189453,1.0,2.0,0.0,882.0280625146723,225.70461824380374,932.3518669692227,275.4370646060326,894.6090136283099,238.13772983436095,919.7709158555851,263.0039530154754,1.0,0.0
0.0,1.0,4.407594442367554,0.10291767120361328,1.0,2.0,0.0,879.6352882617805,225.44684759303084,928.7805756337721,274.92234758104235,891.9216101047784,237.81572259003372,916.4942537907741,262.55347258403947,1.0,0.0
0.0,1.0,4.442270755767822,0.034670114517211914,1.0,2.0,0.0,873.3267484054921,225.0513069901225,923.6294847201181,275.5229513788062,885.9024324841487,237.66921808729342,911.0538006414615,262.9050402816353,1.0,0.0
0.0,1.0,4.538026571273804,0.0957632064819336,1.0,2.0,0.0,875.5239592184708,225.28291361843577,925.7051623148237,275.3378497344421,888.0692599925591,237.79664764743734,913.1598615407355,262.82411570544053,1.0,0.0
0.0,1.0,4.577369451522827,0.03932666778564453,1.0,2.0,0.0,869.7906019184478,224.88411282987943,920.0971509747616,275.4925526949566,882.3672391825262,237.5362227961487,907.5205137106832,262.8404427286873,1.0,0.0
0.0,1.0,4.641255617141724,0.06388044357299805,1.0,2.0,0.0,872.7791034110314,225.27709216419018,922.3693578420039,274.9431005217623,885.1766670187745,237.69359425358323,909.9717942342608,262.52659843236927,1.0,0.0
0.0,1.0,4.684554576873779,0.043264150619506836,1.0,2.0,0.0,862.413436190098,222.78837934519768,912.7853988770813,277.3563218972778,875.0064268618438,236.43036498321771,900.1924082053355,263.7143362592578,1.0,0.0
0.0,1.0,4.736071348190308,0.051542043685913086,1.0,2.0,0.0,866.0966964606073,222.59462250539215,915.57176678066,277.5188960004135,878.4654640406204,236.3256908791475,903.2029992006469,263.78782762665816,1.0,0.0
0.0,1.0,4.772054672241211,0.03601789474487305,1.0,2.0,0.0,863.2261147895961,224.4995683809017,915.0833900612572,275.4911109011058,876.1904336075113,237.2474540109527,902.119071243342,262.74322527105477,1.0,0.0
0.0,1.0,4.8258302211761475,0.05376243591308594,1.0,2.0,0.0,861.7414423573831,224.02148470628822,914.172826458711,275.96406267179003,874.849288382715,237.0071291976637,901.0649804333791,262.97841818041456,1.0,0.0
0.0,1.0,4.853328466415405,0.02750706672668457,1.0,2.0,0.0,862.0254971609313,224.22852901483313,914.0598173086366,275.4877921976588,875.0340771978576,237.04334481053954,901.0512372717103,262.6729764019524,1.0,0.0
0.0,1.0,4.891658306121826,0.03833150863647461,1.0,2.0,0.0,858.8194432283707,224.04293946472356,910.6359259619511,275.7819604057512,871.7735639117658,236.97769469998047,897.681805278556,262.84720517049425,1.0,0.0
0.0,1.0,4.954522132873535,0.06285333633422852,1.0,2.0,0.0,858.0600876828969,223.6585852934872,909.7792523817518,275.9734074245503,870.9898788576106,236.73729082625297,896.8494612070381,262.8947018917845,1.0,0.0
0.0,1.0,5.017523527145386,0.06300115585327148,1.0,2.0,0.0,854.0847192104633,223.62815967025168,906.3577906859015,275.8067184332298,867.1529870793229,236.67279936099618,893.2895228170419,262.76207874248524,1.0,0.0
0.0,1.0,5.085750341415405,0.06760048866271973,1.0,2.0,0.0,849.7659404879897,221.4596252190285,901.4006997249368,277.8486201335904,862.6746302972265,235.55687394766898,888.4920099157,263.7513714049499,1.0,0.0
0.0,1.0,5.148942708969116,0.06381773948669434,1.0,2.0,0.0,846.9484015003262,221.24170395591608,897.5438869643634,278.47232563515377,859.5972728663355,235.5493593757255,884.8950155983541,264.16467021534436,1.0,0.0
0.0,1.0,5.190777778625488,0.04181838035583496,1.0,2.0,0.0,846.5781420566927,221.33904051012198,897.0333219439256,277.7958614285635,859.1919370285009,235.45324573973238,884.4195269721174,263.68165619895314,1.0,0.0
0.0,1.0,5.266294240951538,0.07552385330200195,1.0,2.0,0.0,846.9178270394616,221.2911120428778,898.1310839231874,278.1056156657744,859.7211412603931,235.49473794860194,885.3277697022559,263.90198976005024,1.0,0.0
0.0,1.0,5.315650701522827,0.04936528205871582,1.0,2.0,0.0,837.4031576196458,222.5498977494957,892.0267450895712,276.35494274701875,851.0590544871271,236.00115899887646,878.3708482220899,262.903681497638,1.0,0.0
0.0,1.0,5.369659423828125,0.05397486686706543,1.0,2.0,0.0,838.4153594405998,220.95340964870036,890.7579136879897,278.12282424645895,851.5009980024472,235.24576329814,877.6722751261423,263.8304705970193,1.0,0.0
0.0,1.0,5.437785863876343,0.06817197799682617,1.0,2.0,0.0,835.6819901174471,220.60428099068298,887.47540187005,278.5444190451497,848.6303430555978,235.08931550429966,874.5270489318992,264.05938453153306,1.0,0.0
0.0,1.0,5.475538730621338,0.03774261474609375,1.0,2.0,0.0,835.3784770511975,222.52128190029018,889.6725257544558,276.6044140921998,848.9519892270121,236.04206494826758,876.0990135786412,263.0836310442224,1.0,0.0
0.0,1.0,5.541991233825684,0.06645369529724121,1.0,2.0,0.0,832.2962877445018,222.54429513008182,887.1857737323733,276.48290813784143,846.0186592414697,236.02894838202172,873.4634022354054,262.99825488590153,1.0,0.0
0.0,1.0,5.580535411834717,0.038533687591552734,1.0,2.0,0.0,825.7351541378938,221.8627041103541,880.5381641206262,276.8946147806257,839.4359066335769,235.62068177792202,866.8374116249431,263.1366371130578,1.0,0.0
0.0,1.0,5.649013519287109,0.06848692893981934,1.0,2.0,0.0,829.029410637589,221.58659590915244,883.1749038802326,277.3614324333488,842.5657839482499,235.53030504020154,869.6385305695717,263.4177233022997,1.0,0.0
0.0,1.0,5.720946550369263,0.07193565368652344,1.0,2.0,0.0,824.861876079383,221.64545889476008,879.8968738065104,277.305237271327,838.6206255111649,235.5604034889018,866.1381243747285,263.39029267718524,1.0,0.0
0.0,1.0,5.832080125808716,0.11113524436950684,1.0,2.0,0.0,824.1124388408173,222.16313850216173,879.3978826418966,276.64934605613166,837.933799791087,235.78469039065422,865.5765216916268,263.0277941676392,1.0,0.0
0.0,1.0,5.859415769577026,0.02733445167541504,1.0,2.0,0.0,809.2162064401002,221.5432444097612,865.3303826539311,277.3044393174039,823.244750493558,235.48354313667187,851.3018386004734,263.3641405904932,1.0,0.0
0.0,1.0,5.923319101333618,0.06391143798828125,1.0,2.0,0.0,812.5441151724414,220.95828037966183,868.8036984662295,277.7187906514813,826.6090109958884,235.1484079476167,854.7388026427825,263.5286630835264,1.0,0.0
0.0,1.0,5.947922229766846,0.024577617645263672,1.0,2.0,0.0,813.4660344192278,221.3454880874649,869.9978531580821,277.30331132911925,827.5989891039413,235.33494389787847,855.8648984733685,263.3138555187057,1.0,0.0
0.0,1.0,6.0044190883636475,0.056513071060180664,1.0,2.0,0.0,812.519592041071,221.1858538055771,869.2859140836493,277.4083640030094,826.7111725517155,235.24148135493516,855.0943335730047,263.35273645365135,1.0,0.0
0.0,1.0,6.111539125442505,0.10706210136413574,1.0,2.0,0.0,810.0910327160277,221.00914228356373,867.1067674052142,277.65200153282234,824.3449663883243,235.1698570958784,852.8528337329176,263.4912867205077,1.0,0.0
0.0,1.0,6.151893854141235,0.04041337966918945,1.0,2.0,0.0,796.7713436408131,219.63174433891086,854.902669115915,278.46666719994323,811.3041750095886,234.34047505416896,840.3698377471396,263.7579364846851,1.0,0.0
0.0,1.0,6.2026426792144775,0.05074286460876465,1.0,2.0,0.0,803.2528556570836,220.81018190556804,860.2165680865975,277.46385793636773,817.493783764462,234.97360091326794,845.9756399792191,263.3004389286678,1.0,0.0
0.0,1.0,6.249868392944336,0.04723858833312988,1.0,2.0,0.0,796.9635612820059,219.90324829534063,854.7086211943472,278.08489666548104,811.3998262600912,234.44866038787575,840.2723562162619,263.5394845729459,1.0,0.0
0.0,1.0,6.2910614013671875,0.041192054748535156,1.0,2.0,0.0,798.946377717015,220.45093951606285,856.7961025240719,277.7264428451672,813.4088089187792,234.7698153483389,842.3336713223077,263.4075670128911,1.0,0.0
0.0,1.0,6.340364456176758,0.04929828643798828,1.0,2.0,0.0,796.0258110966536,219.97257403209093,854.1801667146244,278.0305465218795,810.5644000011463,234.48706715453807,839.6415778101317,263.51605339943234,1.0,0.0
0.0,1.0,6.371628999710083,0.031261444091796875,1.0,2.0,0.0,789.8856209032575,220.02415725006773,848.9611500033269,277.96463354864665,804.6545031782748,234.50927632471246,834.1922677283096,263.4795144740019,1.0,0.0
0.0,1.0,6.4385621547698975,0.06692981719970703,1.0,2.0,0.0,790.0211196615211,219.38656309262416,849.3479214099156,278.48746453334354,804.8528200986198,234.161788452804,834.5162209728169,263.7122391731637,1.0,0.0
0.0,1.0,6.476339340209961,0.037772178649902344,1.0,2.0,0.0,786.0470238246293,219.2811285012717,845.4686707081968,278.33567077699706,800.9024355455211,234.04476407020303,830.6132589873049,263.57203520806576,1.0,0.0
0.0,1.0,6.526761293411255,0.05044054985046387,1.0,2.0,0.0,785.5249825097529,217.7198901512488,842.0286770180427,280.0656242663747,799.6509061368254,233.3063236800303,827.9027533909702,264.4791907375932,1.0,0.0
0.0,1.0,6.627094268798828,0.10033059120178223,1.0,2.0,0.0,786.057112458489,217.8601071809241,842.7766676402566,279.7989868118066,800.2370012539309,233.34482708864473,828.5967788448147,264.314266904086,1.0,0.0
0.0,1.0,6.647632598876953,0.020539522171020508,1.0,2.0,0.0,777.7053549247266,218.64876727231098,837.7820762942088,278.7974559268514,792.7245352670972,233.68593943594607,822.7628959518382,263.7602837632163,1.0,0.0
0.0,1.0,6.739422798156738,0.09179425239562988,1.0,2.0,0.0,778.4088327454534,219.121396973759,837.9219285294047,278.57979612138035,793.2871066914413,233.98599676066436,823.0436545834168,263.715196334475,1.0,0.0
0.0,1.0,6.787428617477417,0.04799938201904297,1.0,2.0,0.0,770.3172158572634,218.6522764488385,830.6192644775131,278.69684608675885,785.3927280123257,233.6634188583186,815.5437523224507,263.68570367727875,1.0,0.0
0.0,1.0,6.827860593795776,0.04042339324951172,1.0,2.0,0.0,760.8708192685764,217.9922559812046,821.4024636572814,279.32736029374814,776.0037303657526,233.3260320593405,806.2695525601051,263.99358421561226,1.0,0.0
0.0,1.0,6.866280555725098,0.038427114486694336,1.0,2.0,0.0,767.199245482445,217.21133040957457,826.3607926051847,280.36900373564174,781.9896322631299,233.00074874109134,811.5704058244997,264.57958540412494,1.0,0.0
0.0,1.0,6.9098591804504395,0.0435788631439209,1.0,2.0,0.0,763.6128928293871,218.50995553686033,824.890239782443,278.7452547387667,778.9322295676511,233.56878033733693,809.570903044179,263.6864299382901,1.0,0.0
0.0,1.0,6.969456672668457,0.059599876403808594,1.0,2.0,0.0,760.0708798390078,215.84366644834037,820.4243961067268,281.5301239767373,775.1592589059376,232.2652808304396,805.3360170397971,265.108509594638,1.0,0.0
0.0,1.0,6.9989752769470215,0.029497623443603516,1.0,2.0,0.0,760.7022721010194,217.96020311234616,821.9942383038904,278.947184477792,776.0252636517371,233.20694845370764,806.6712467531727,263.70043913643053,1.0,0.0
0.0,1.0,7.040127754211426,0.04117608070373535,1.0,2.0,0.0,761.1605114445197,216.33443136474315,820.3506414187334,280.8393162639462,775.9580439380732,232.46065258954394,805.5531089251799,264.71309503914546,1.0,0.0
0.0,1.0,7.091589450836182,0.05146002769470215,1.0,2.0,0.0,755.1876776903803,217.6207037153261,817.0698390710968,279.11814825271387,770.6582180355595,232.99506484967304,801.5992987259176,263.7437871183669,1.0,0.0
0.0,1.0,7.097827434539795,0.00623631477355957,1.0,2.0,0.0,754.4681664816411,217.43444743500675,816.3735940478342,279.23368935540844,769.9445233731894,232.88425791510718,800.8972371562859,263.783878875308,1.0,0.0
0.0,1.0,7.151941299438477,0.05410957336425781,1.0,2.0,0.0,754.3967360096564,217.3897057972649,816.0364210007732,279.3866538109569,769.8066572574355,232.88894280068791,800.626499752994,263.8874168075339,1.0,0.0
0.0,1.0,7.20867395401001,0.05673408508300781,1.0,2.0,0.0,746.8493474002303,217.08758201221121,808.649807217402,279.3644271673723,762.2994623545233,232.65679330100147,793.199692263109,263.79521587858204,1.0,0.0
0.0,1.0,7.24798059463501,0.03930473327636719,1.0,2.0,0.0,747.7635339593302,215.4173838212137,807.9876673322123,281.0825620054916,762.8195673025507,231.83367836728317,792.9316339889917,264.6662674594221,1.0,0.0
0.0,1.0,7.351759910583496,0.10378670692443848,1.0,2.0,0.0,746.3457758615544,215.76991555334112,807.1438139557646,280.60934579321747,761.545285385107,231.97977311331022,791.944304432212,264.39948823324835,1.0,0.0
0.0,1.0,7.387778997421265,0.035997867584228516,1.0,2.0,0.0,729.8249606293681,215.58971848513997,795.1670434681863,279.9479500754951,746.1604813390727,231.67927638272874,778.8315227584817,263.8583921779063,1.0,0.0
0.0,1.0,7.442444324493408,0.0546720027923584,1.0,2.0,0.0,737.5738441527086,214.8176432513144,799.5696625178865,280.9842258553795,753.0727987440031,231.35928890233066,784.070707926592,264.44258020436325,1.0,0.0
0.0,1.0,7.487010955810547,0.04454779624938965,1.0,2.0,0.0,734.868286276334,214.38816232207105,796.4325889195072,281.51614310776654,750.2593619371273,231.17015751849493,781.0415132587138,264.73414791134263,1.0,0.0
0.0,1.0,7.5331151485443115,0.04489445686340332,1.0,2.0,0.0,729.0722605076074,213.97999560529942,791.3966811280815,281.6254695421534,744.653365662726,230.8913640895129,775.815575972963,264.71410105793984,1.0,0.0
0.0,1.0,7.581799507141113,0.0498814582824707,1.0,2.0,0.0,717.9470113715304,215.34920720928758,783.0745007475855,280.14724270836075,734.2288837155442,231.54871608405585,766.7926284035717,263.94773383359245,1.0,0.0
0.0,1.0,7.61946177482605,0.03769731521606445,1.0,2.0,0.0,722.9333580811444,215.62594801476433,787.2755946620885,279.8505203909636,739.0189172263804,231.68209110881415,771.1900355168525,263.7943772969138,1.0,0.0
0.0,1.0,7.659769535064697,0.04031085968017578,1.0,2.0,0.0,719.7106936827523,215.48397027842785,785.0577391551388,279.97329465469375,736.047455050849,231.60630137249433,768.7209777870422,263.8509635606273,1.0,0.0
0.0,1.0,7.7038068771362305,0.04404306411743164,1.0,2.0,0.0,709.5610904292723,213.410535978276,773.7260321166636,281.6279072792473,725.6023258511202,230.46487880351881,757.6847966948158,264.57356445400444,1.0,0.0
0.0,1.0,7.752978324890137,0.04917025566101074,1.0,2.0,0.0,714.2796429809478,213.758180596199,778.0008458339535,281.3604295440994,730.2099436941992,230.6587428331741,762.070545120702,264.45986730712434,1.0,0.0
0.0,1.0,7.800013303756714,0.04703831672668457,1.0,2.0,0.0,712.8454333751148,213.73726140953977,776.9766594078945,281.4175506544664,728.8782398833098,230.65733372077142,760.9438528996996,264.4974783432348,1.0,0.0
0.0,1.0,7.8410797119140625,0.04099392890930176,1.0,2.0,0.0,709.1136102034502,214.35506949613568,775.2256232221168,280.61460352201476,725.6416134581168,230.91995300260544,758.6976199674502,264.049720015545,1.0,0.0
0.0,1.0,7.897134780883789,0.056113243103027344,1.0,2.0,0.0,708.6333951242513,214.5594898144926,775.8904548446375,280.364731507608,725.4476600543478,231.01080023777143,759.0761899145409,263.9134210843291,1.0,0.0
0.0,1.0,7.907325267791748,0.010207176208496094,1.0,2.0,0.0,705.545654455278,214.08435545986757,772.4416862260221,280.72370211720465,722.2696623979641,230.74419212420185,755.717678283336,264.06386545287035,1.0,0.0
0.0,1.0,7.95256233215332,0.045230865478515625,1.0,2.0,0.0,701.4962543822975,214.0256653368748,768.6316435996329,280.6111453571097,718.2801016866313,230.6720353419335,751.8477962952991,263.964775352051,1.0,0.0
0.0,1.0,7.994347095489502,0.041785478591918945,1.0,2.0,0.0,702.6147936988367,213.8056755290227,769.6322569525515,280.77961038109197,719.3691595122655,230.54915924204,752.8778911391228,264.03612666807464,1.0,0.0
0.0,1.0,8.032124042510986,0.03772234916687012,1.0,2.0,0.0,691.0633207040286,211.88701419370318,757.3130480873414,282.4310210745077,707.6257525498568,229.52301591390432,740.7506162415132,264.7950193543066,1.0,0.0
0.0,1.0,8.086696863174438,0.054628610610961914,1.0,2.0,0.0,693.6178547249531,212.1899813158089,759.6952689706927,282.1413802267527,710.1372082863879,229.67783104354484,743.1759154092579,264.6535304990167,1.0,0.0
0.0,1.0,8.123499870300293,0.03679800033569336,1.0,2.0,0.0,693.9075720796053,211.9229758824122,759.5572879519513,282.37698846106264,710.3200010476918,229.5364790270748,743.1448589838648,264.7634853164,1.0,0.0
0.0,1.0,8.17598295211792,0.0524749755859375,1.0,2.0,0.0,691.5946229898497,213.23757063526213,760.002201344517,280.9866015703285,708.6965175785165,230.17482836902872,742.9003067558501,264.0493438365619,1.0,0.0
0.0,1.0,8.267624139785767,0.09165358543395996,1.0,2.0,0.0,681.9789233911002,212.2898424857987,751.4091997895713,281.7075915976159,699.336492490718,229.644279763753,734.0516306899535,264.35315431966154,1.0,0.0
0.0,1.0,8.326237916946411,0.058591604232788086,1.0,2.0,0.0,673.81642622193,212.0973831662171,743.5232844030731,281.49938930283736,691.2431407672158,229.44788470037216,726.0965698577874,264.14888776868224,1.0,0.0
0.0,1.0,8.447741270065308,0.12152099609375,1.0,2.0,0.0,676.549605857162,212.6265950631667,745.366588232804,281.1164657947797,693.7538514510725,229.74906274606994,728.1623426388935,263.9939981118764,1.0,0.0
0.0,1.0,8.510441064834595,0.06270647048950195,1.0,2.0,0.0,661.825486575882,211.8181186102218,733.2648086789504,281.6286390518641,679.6853171016492,229.27074872063238,715.4049781531833,264.1760089414536,1.0,0.0
0.0,1.0,8.595686435699463,0.08520197868347168,1.0,2.0,0.0,657.744031187921,211.49986116168992,730.4779939071431,282.0014926548282,675.9275218677265,229.1252690349745,712.2945032273376,264.3760847815436,1.0,0.0
0.0,1.0,8.68142294883728,0.08575868606567383,1.0,2.0,0.0,656.3317248389776,211.36656958631875,728.826698153129,281.99438172436925,674.4554681675154,229.0235226208314,710.7029548245912,264.3374286898566,1.0,0.0
0.0,1.0,8.74976658821106,0.06835460662841797,1.0,2.0,0.0,639.5414363618729,210.2074907648085,713.3063254364358,282.6330522563853,657.9826586305137,228.3138811377027,694.865103167795,264.5266618834911,1.0,0.0
0.0,1.0,8.805208683013916,0.0554499626159668,1.0,2.0,0.0,647.882738000272,210.4433868686186,720.665481507315,282.6440593364939,666.0784238770327,228.49355498558742,702.4697956305542,264.5938912195251,1.0,0.0
0.0,1.0,8.942068815231323,0.13686490058898926,1.0,2.0,0.0,633.4449019395158,209.6242649812058,708.0437311220953,283.2162727866106,652.0946092351608,228.022266932557,689.3940238264504,264.8182708352594,1.0,0.0
0.0,1.0,8.991633176803589,0.049547433853149414,1.0,2.0,0.0,617.1813557980888,208.46742315215815,693.1759689304306,283.60760522822693,636.1800090811743,227.25246867117534,674.1773156473452,264.8225597092097,1.0,0.0
0.0,1.0,9.125718832015991,0.13409924507141113,1.0,2.0,0.0,627.0882541528889,209.31738052728525,701.9476133355782,283.47471900438194,645.8030939485612,227.85671514655942,683.2327735399059,264.9353843851078,1.0,0.0
0.0,1.0,9.19050145149231,0.06477904319763184,1.0,2.0,0.0,598.6612067031061,207.1536126033666,676.3350410401455,284.92184242027975,618.079665287366,226.59567005759487,656.9165824558856,265.47978496605145,1.0,0.0
0.0,1.0,9.268254518508911,0.07775664329528809,1.0,2.0,0.0,611.7597680484417,207.4867954579503,686.4226891932168,284.7424892399208,630.4254983346354,226.80071890344294,667.7569589070231,265.42856579442815,1.0,0.0
0.0,1.0,9.320021867752075,0.051767826080322266,1.0,2.0,0.0,601.4081598915344,208.03976773682427,679.1770466747301,284.00900472953265,620.8503815873333,227.03207698500137,659.7348249789312,265.01669548135555,1.0,0.0
0.0,1.0,9.349458932876587,0.02941417694091797,1.0,2.0,0.0,599.005784021393,207.6438043720403,676.5962372576843,284.26784092266143,618.4033973304659,226.79981350969558,657.1986239486114,265.11183178500613,1.0,0.0
0.0,1.0,9.470731735229492,0.12129330635070801,1.0,2.0,0.0,598.0869661396476,206.57666954452205,674.4095895527299,285.32899948046327,617.1676219929182,226.26475202850736,655.3289336994594,265.6409169964779,1.0,0.0
0.0,1.0,9.507644891738892,0.03689312934875488,1.0,2.0,0.0,569.4044668166366,205.48434995739234,650.5584081989671,286.1529883455984,589.6929521622192,225.65150955444386,630.2699228533845,265.98582874854685,1.0,0.0
0.0,1.0,9.57136058807373,0.06373023986816406,1.0,2.0,0.0,570.2854163422655,205.0685181043682,649.3302144272923,286.8386631433272,590.0466158635222,225.51105436410796,629.5690149060356,266.39612688358744,1.0,0.0
0.0,1.0,9.634351253509521,0.06298065185546875,1.0,2.0,0.0,574.5885697151598,205.51512417406613,655.1400587433295,285.9844263050286,594.7264419722022,225.63244970680674,635.0021864862871,265.8671007722879,1.0,0.0
0.0,1.0,9.72330093383789,0.08896780014038086,1.0,2.0,0.0,573.833957878192,205.31723677617495,652.5731258307949,286.4330553837169,593.5187498663427,225.59619142806045,632.8883338426442,266.1541007318315,1.0,0.0
0.0,1.0,9.776608228683472,0.05330348014831543,1.0,2.0,0.0,541.6563106770437,204.17448394901757,624.8912591741231,287.23881076880605,562.4650478013136,224.94056565396468,604.0825220498532,266.4727290638589,1.0,0.0
0.0,1.0,9.813233375549316,0.036546945571899414,1.0,2.0,0.0,549.4976308266836,204.64175609920878,631.9042510362577,286.9038925478287,570.0992858790771,225.20729021136378,611.3025959838642,266.33835843567374,1.0,0.0
0.0,1.0,9.851509809494019,0.038358449935913086,1.0,2.0,0.0,551.2764098803635,204.27482757362222,632.1648136078244,287.0917462004677,571.4985108122287,224.97905723033358,611.9427126759592,266.3875165437563,1.0,0.0
0.0,1.0,9.897732496261597,0.046216726303100586,1.0,2.0,0.0,549.0598570203566,204.30964122739383,631.6803087101342,286.89211536553273,569.714969942801,224.95525976192855,611.0251957876899,266.246496830998,1.0,0.0
0.0,1.0,9.941487312316895,0.0437626838684082,1.0,2.0,0.0,541.7338837927102,203.98861197806812,623.68372534384,287.6010055194332,562.2213441804927,224.8917103634094,603.1962649560576,266.69790713409196,1.0,0.0
0.0,1.0,9.98421335220337,0.042719125747680664,1.0,2.0,0.0,540.0025386648872,203.95577782358762,622.3828591897966,287.40823856400414,560.5976187961146,224.81889300869176,601.7877790585692,266.54512337890003,1.0,0.0
0.0,1.0,10.030846357345581,0.04663538932800293,1.0,2.0,0.0,533.0700278605489,203.43644482216544,617.2463132002251,287.6623585326631,554.1140991954679,224.49292324978984,596.2022418653061,266.6058801050387,1.0,0.0
0.0,1.0,10.071710109710693,0.0408632755279541,1.0,2.0,0.0,527.1122697899227,203.124447153043,612.2807311692252,288.1549607563501,548.4043851347483,224.38207555386978,590.9886158243996,266.8973323555233,1.0,0.0
0.0,1.0,10.120144844055176,0.04843497276306152,1.0,2.0,0.0,525.9166753119337,203.04045168633152,611.3540996420923,288.1146100566526,547.2760313944733,224.3089912789118,589.9947435595526,266.84607046407234,1.0,0.0
0.0,1.0,10.196462154388428,0.0762948989868164,1.0,2.0,0.0,525.7853805409912,203.78872067452662,610.9916262354776,287.39076552337497,547.0869419646128,224.6892318867387,589.690064811856,266.49025431116286,1.0,0.0
0.0,1.0,10.27070426940918,0.07424235343933105,1.0,2.0,0.0,500.4528554531904,200.857426455057,588.6417494613366,288.8937054377628,522.500078955227,222.86649620073345,566.5945259593001,266.88463569208636,1.0,0.0
0.0,1.0,10.305615663528442,0.034914493560791016,1.0,2.0,0.0,504.4575223630351,201.28396054807646,591.6315067392867,288.45084160373494,526.251018457098,223.07568081199108,569.8380106452238,266.65912133982033,1.0,0.0
0.0,1.0,10.343408107757568,0.03781533241271973,1.0,2.0,0.0,502.8479516043599,201.20959467537637,590.2887582206506,288.62090527866417,524.7081532584325,223.06242232619832,568.428556566578,266.7680776278422,1.0,0.0
0.0,1.0,10.387881755828857,0.04444169998168945,1.0,2.0,0.0,502.9846888916452,201.20452017815205,590.3569465594064,288.7608755778408,524.8277533085854,223.09360902807424,568.5138821424662,266.8717867279186,1.0,0.0
0.0,1.0,10.43952465057373,0.05167198181152344,1.0,2.0,0.0,491.2778652057482,200.34750701143216,579.3854018700852,288.61212954529356,513.3047493718325,222.4136626448975,557.3585177040009,266.5459739118282,1.0,0.0
0.0,1.0,10.496634721755981,0.05710625648498535,1.0,2.0,0.0,490.94506326348085,200.52933275999033,579.4283901232624,288.49651715154573,513.0658949784263,222.52112885787918,557.3075584083169,266.5047210536569,1.0,0.0
0.0,1.0,10.539229154586792,0.04258298873901367,1.0,2.0,0.0,472.9869159646494,199.57229353154136,561.9136467206658,289.3344920561274,495.21859865365354,222.0128431626879,539.6819640316617,266.8939424249809,1.0,0.0
0.0,1.0,10.576685667037964,0.03747963905334473,1.0,2.0,0.0,476.50136560487647,199.3583059120199,565.3664597907017,289.34848873394355,498.7176391513328,221.8558516175008,543.1501862442453,266.85094302846267,1.0,0.0
0.0,1.0,10.627663135528564,0.050966501235961914,1.0,2.0,0.0,472.0806032684362,199.80331153966054,562.5369031417916,288.96609156715465,494.6946782367751,222.09400654653408,539.9228281734528,266.6753965602811,1.0,0.0
0.0,1.0,10.68078088760376,0.05312299728393555,1.0,2.0,0.0,472.0320003076809,199.92220624711922,562.4563654177548,289.0096328387796,494.6380915851994,222.19406289503434,539.8502741402363,266.7377761908645,1.0,0.0
0.0,1.0,10.7787606716156,0.09797382354736328,1.0,2.0,0.0,470.58646472361755,199.6940775251484,559.5386777389756,289.03163583943683,492.82451797745705,222.02846710372052,537.3006244851362,266.69724626086474,1.0,0.0
0.0,1.0,10.902607440948486,0.12384819984436035,1.0,2.0,0.0,445.1411154529443,198.9876109516227,536.2867777531536,289.36352320783,467.9275310279966,221.58158901567452,513.5003621781013,266.76954514377815,1.0,0.0
0.0,1.0,10.959601879119873,0.05699610710144043,1.0,2.0,0.0,428.89837251566115,196.5085245228566,523.8079658695003,290.4989513993042,452.62577085412096,220.0061312419685,500.0805675310406,267.0013446801923,1.0,0.0
0.0,1.0,11.021912813186646,0.06229662895202637,1.0,2.0,0.0,413.8852427974085,195.3948177700792,511.9089269025544,290.9222129230434,438.391163823695,219.27666655832024,487.4030058762679,267.04036413480236,1.0,0.0
0.0,1.0,11.055846929550171,0.03328967094421387,1.0,2.0,0.0,417.2521792819406,196.43314614931566,514.12503412491,290.3438408534355,441.47039299268295,219.9108198253456,489.90682041416767,266.8661671774055,1.0,0.0
0.0,1.0,11.100322723388672,0.04514169692993164,1.0,2.0,0.0,410.70379355108236,195.53737947781332,508.64760000429584,291.1043700295234,435.1897451643857,219.42912711574084,484.16164839099247,267.2126223915959,1.0,0.0
0.0,1.0,11.167090892791748,0.06676292419433594,1.0,2.0,0.0,412.710572236188,195.9397356562035,509.9887826530264,290.7157322971061,437.0301248403976,219.63373481642918,485.6692300488168,267.02173313688047,1.0,0.0
0.0,1.0,11.21457052230835,0.04740738868713379,1.0,2.0,0.0,401.91395801997254,194.19814352571296,499.6717697322842,292.1343960704489,426.35341094805045,218.68220666189694,475.2323168042063,267.6503329342649,1.0,0.0
0.0,1.0,11.254897832870483,0.0403752326965332,1.0,2.0,0.0,395.6942483970562,194.87724466950905,492.889306297758,291.2309927256342,419.99301287223165,218.96568168354034,468.59054182258257,267.1425557116029,1.0,0.0
0.0,1.0,11.292609930038452,0.037729740142822266,1.0,2.0,0.0,393.4154601578261,194.4300830904727,490.5776806643552,291.59440084137276,417.7060152844584,218.7211625281977,466.28712553772294,267.3033214036477,1.0,0.0
0.0,1.0,11.34238576889038,0.04978060722351074,1.0,2.0,0.0,374.7383161600721,193.2975457504468,474.14726536467373,292.2027935262812,399.5905534612225,218.0238576944054,449.2950280635233,267.47648158232255,1.0,0.0
0.0,1.0,11.395971775054932,0.05358266830444336,1.0,2.0,0.0,382.0957169061623,193.80899128595402,480.81292015161586,292.03521232456285,406.77501771752566,218.36554654560624,456.1336193402525,267.47865706491064,1.0,0.0
0.0,1.0,11.430186986923218,0.034221649169921875,1.0,2.0,0.0,378.5591632194016,193.48430915650673,480.9603567003129,291.9518303068983,404.1594615896295,218.1011894441046,455.36005833008505,267.3349500193004,1.0,0.0
0.0,1.0,11.435275793075562,0.005083322525024414,1.0,2.0,0.0,367.935563857355,192.81015636396563,468.4960621987546,292.67437022453026,393.0756884427049,217.7762098291068,443.3559376134047,267.7083167593891,1.0,0.0
0.0,1.0,11.495598077774048,0.060326337814331055,1.0,2.0,0.0,364.79940644435027,193.28193304679382,468.2338683639693,291.94303963474334,390.658021924255,217.9472096937812,442.37525288406454,267.277762987756,1.0,0.0
0.0,1.0,11.513373613357544,0.017772197723388672,1.0,2.0,0.0,347.23652431320875,191.48738938013588,449.8760603091499,293.2922914414902,372.896408312194,216.93861489547447,424.21617631016466,267.8410659261516,1.0,0.0
0.0,1.0,11.566768407821655,0.0533907413482666,1.0,2.0,0.0,345.03959696583007,191.8615087035708,447.1154680150084,292.8095494697173,370.5585647281247,217.09851889510742,421.5965002527138,267.57253927818067,1.0,0.0
0.0,1.0,11.600089073181152,0.03332972526550293,1.0,2.0,0.0,347.8357605571521,191.88648911971686,449.50253955259046,292.78372704120613,373.2524553060117,217.11079860008917,424.0858448037309,267.5594175608338,1.0,0.0
0.0,1.0,11.630203247070312,0.030089139938354492,1.0,2.0,0.0,335.0966070273692,190.62608000705586,438.5887288420716,293.85862016796585,360.9696374810448,216.43421504728337,412.715698388396,268.05048512773834,1.0,0.0
0.0,1.0,11.643920660018921,0.013682365417480469,1.0,2.0,0.0,337.4120783626907,190.67773352527476,440.8282586522418,293.57396214220546,363.2661234350785,216.40179067950743,414.974213579854,267.84990498797276,1.0,0.0
0.0,1.0,11.696831703186035,0.05289506912231445,1.0,2.0,0.0,335.2374882053407,190.8124346308688,438.4868396990472,293.65309050509313,361.0498260787673,216.5225985994249,412.6745018256206,267.9429265365371,1.0,0.0
0.0,1.0,11.754741191864014,0.05797243118286133,1.0,2.0,0.0,294.15620043827226,189.08453164238887,406.0822333035291,294.620450627517,322.1377086545865,215.4685113886709,378.10072508721487,268.236470881235,1.0,0.0
0.0,1.0,11.879651546478271,0.12489581108093262,1.0,2.0,0.0,311.18945659020085,189.04021778710384,417.8080498238953,294.9260708624446,337.84410489862444,215.51168105593905,391.1534015154717,268.4546075936094,1.0,0.0
0.0,1.0,11.905284404754639,0.025660991668701172,1.0,2.0,0.0,304.2150409455915,188.66870301072305,411.26609080575923,295.02263142410766,330.97780341063344,215.25718511406922,384.5033283407173,268.4341493207615,1.0,0.0
0.0,1.0,11.942423582077026,0.0371403694152832,1.0,2.0,0.0,302.88186039510936,188.27416141871836,410.7805758735193,295.4378404867408,329.85653926471184,215.06508118572395,383.8058970039168,268.6469207197352,1.0,0.0
0.0,1.0,11.973260641098022,0.03082585334777832,1.0,2.0,0.0,294.6476513054384,187.54580202418663,403.89055139822807,296.1497878910359,321.95837632863584,214.69679849089894,376.5798263750306,268.9987914243236,1.0,0.0
0.0,1.0,12.054235458374023,0.08098292350769043,1.0,2.0,0.0,295.01923241315643,187.7900007107493,403.5744339640867,295.8675039786061,322.15803280088903,214.8093765277135,376.4356335763541,268.84812816164197,1.0,0.0
0.0,1.0,12.138917684555054,0.08466219902038574,1.0,2.0,0.0,287.2579060114037,187.2469543756921,396.8324673910851,296.148427777381,314.65154635632405,214.47232272611433,369.43882704616476,268.9230594269588,1.0,0.0
0.0,0.0,12.285974025726318,0.1470479965209961,1.0,2.0,0.0,0.0,0.0,1280.0,720.0,0.0,0.0,0.0,0.0,1.0,0.0
0.0,1.0,12.421891927719116,0.13594675064086914,1.0,2.0,0.0,242.12741690175653,184.2704490794099,356.06366461499294,298.079752498967,270.6114788300656,212.7227749342992,327.57960268668387,269.62742664407773,1.0,0.0
0.0,1.0,12.451563119888306,0.029633760452270508,1.0,2.0,0.0,201.51917796292486,182.58544701731384,318.3401713826267,298.86648936291203,230.72442631785032,211.65570760371338,289.13492302770123,269.79622877651246,1.0,0.0
0.0,0.0,12.47153353691101,0.019999265670776367,1.0,2.0,0.0,0.0,0.0,1280.0,720.0,0.0,0.0,0.0,0.0,1.0,0.0
0.0,0.0,12.565969467163086,0.09442877769470215,1.0,2.0,0.0,0.0,0.0,1280.0,720.0,0.0,0.0,0.0,0.0,1.0,0.0
0.0,1.0,12.655043363571167,0.08909273147583008,1.0,2.0,0.0,197.98688350095094,182.38346774110911,314.9288074644653,299.01169394231067,227.22236449182952,211.5405242914095,285.69332647358675,269.85463739201026,1.0,0.0
