count,detect_count,time,response,pixel_w,pixel_h,pure_pixel_w,pure_pixel_h,pos_x,pos_y,pos_z,speed_x,speed_y,speed_z,euler_x,euler_y,euler_z,speed_eulerx,speed_eulery,speed_eulerz
1.0,1.0,437.0810830593109,-1611629796.6414962,44.50728414004902,44.385132148226546,22.25364207002451,22.192566074113273,0.0,0.0,0.0,0.0,0.0,0.0,0.0,0.0,0.0,0.0,0.0,0.0
2.0,2.0,437.22929787635803,0.1514902114868164,44.307987634520714,43.899327463819844,22.153993817260357,21.949663731909908,1.9210643727056793,-0.4256686486772847,4.957200595664598,0.008602859579693867,-0.002215496802711492,0.02163668421775089,1.3312276539601644,2.167140433590848,-1.2136583633279003,2.6099104027504043,4.614946382087318,1.12925123472928
3.0,3.0,437.2810800075531,0.05364680290222168,44.762914303368234,44.09988758200862,22.381457151684117,22.049943791004324,1.9240023726329054,-0.4259347262524806,4.964757038071769,0.002937999927226098,-0.0002660775751958666,0.00755644240717146,2.312807633034712,1.7050368808019405,-1.5539010708465617,18.072988408972268,-8.508315502902647,-6.264596507988777
4.0,4.0,437.33254289627075,0.04870915412902832,45.07509794441103,44.127880443229856,22.537548972205514,22.063940221614928,1.9276079527949386,-0.42711425850149026,4.973574122637592,0.003605580162033162,-0.001179532249009685,0.00881708456582242,2.717228082945098,2.540736031316051,-1.648336571025138,24.089844501674822,49.779536594966,-5.625176756625154
5.0,5.0,437.3677990436554,0.03595685958862305,45.91972967391962,44.90337608085011,22.95986483695981,22.45168804042504,1.909707658088439,-0.42247387280710524,4.928707345700361,-0.017900294706499675,0.004640385694385019,-0.044866776937230846,2.8703047057256392,2.5180873757783595,-1.5097724392904373,2.109598225824193,-0.3121284143308837,1.9095969140204525
6.0,6.0,437.401643037796,0.0359041690826416,44.97226058473984,44.18813141265488,22.48613029236992,22.094065706327427,1.9160338068606588,-0.42391780578470345,4.944045573512768,0.0063261487722199305,-0.0014439329775982057,0.015338227812407013,2.6376545841209773,1.7215089038471039,-1.549770021286513,-22.089537875425464,-75.6331017800827,-3.7976687754718474
7.0,7.0,437.4465138912201,0.044922828674316406,44.85471548144483,44.12962817886458,22.427357740722414,22.064814089432275,1.9229961536750724,-0.4259769967716006,4.961800791143894,0.006962346814413545,-0.0020591909868971636,0.017755217631125753,2.205089831861222,2.274084583770537,-1.6016260461472007,-6.505321233227081,8.310160004466093,-0.7798603511605816
8.0,8.0,437.4866180419922,0.03914809226989746,44.82611103349245,44.48476731367393,22.413055516746226,22.24238365683695,1.919610520329563,-0.4252415003330819,4.95315792407551,-0.0033856333455093424,0.0007354964385187235,-0.008642867068383353,1.50331220944481,1.4946764421634553,-1.687368667273588,-30.38262478129281,-33.743545478686514,-3.712124471107456
9.0,9.0,437.5451259613037,0.059285879135131836,44.23722646239139,43.88628486499181,22.118613231195695,21.943142432495904,1.925336481348356,-0.42667207072637225,4.9677668883368575,0.005725961018792969,-0.0014305703932903646,0.014608964261347168,1.1871058640697036,2.1181279794863146,-1.2329864549329765,-9.393879895966892,18.521541228463693,13.498818072508753
10.0,10.0,437.552836894989,0.007850170135498047,44.61404261055259,43.9871745799054,22.307021305276294,21.9935872899527,1.9269645109162166,-0.42680681553312594,4.972127673357127,0.0016280295678605672,-0.00013474480675368383,0.004360785020269375,1.92451023615308,2.2596270670752485,-1.3437977654715507,14.740088869731036,2.8284469214008356,-2.2150242484936964
11.0,11.0,437.61372089385986,0.06040692329406738,45.657775784890646,44.18082647766457,22.828887892445323,22.09041323883227,1.926493795524272,-0.4264859426653697,4.9717658192564445,-0.0004707153919445428,0.0003208728677562278,-0.00036185410068245716,4.111276594202575,2.748561895934802,-1.7083749739217229,48.633633711921604,10.87389939406521,-8.108188764754741
12.0,12.0,437.7259678840637,0.1129159927368164,43.837477946050285,44.63497743844525,21.918738973025143,22.317488719222638,1.9130083462065863,-0.42407293310571165,4.935719198274464,-0.013485449317685694,0.0024130095596580636,-0.036046620981980304,-1.4594533138784935,0.8320475443374333,-1.1880486351500326,-76.04665495975284,-26.16255105276566,7.103032852776097
13.0,13.0,437.755441904068,0.02931499481201172,44.48671563462767,44.1572255961415,22.243357817313836,22.078612798070736,1.9182078017547453,-0.42487485260427993,4.949584187789549,0.005199455548158927,-0.000801919498568282,0.013864989515084858,1.0061560507637688,2.3178649772420243,-1.3410359991639027,40.662438054137205,24.50386512626101,-2.5230433098968708
14.0,14.0,437.82670187950134,0.07096505165100098,43.8938861685574,44.09011612168413,21.9469430842787,22.04505806084208,1.914713137999079,-0.42456000297401747,4.9426264186858395,-0.0034946637556663163,0.00031484963026245927,-0.006957769103709488,-0.08006302143571581,1.4865372200343985,-0.9208121785963261,-19.56091623117336,-14.97076698023689,7.5675001137858775
15.0,15.0,437.8627600669861,0.03652596473693848,45.515721506847285,44.270387028522066,22.757860753423643,22.135193514261033,1.9093381727793697,-0.423808472621495,4.9351364615161595,-0.00537496521970926,0.0007515303525224559,-0.007489957169680039,4.0548797990901395,1.3157518415604215,-1.51121011278737,63.04305404888704,-2.6038647481285624,-9.00145189210229
16.0,16.0,437.9242820739746,0.0614171028137207,44.75282306261556,44.06204221978675,22.37641153130778,22.031021109893373,1.9062071565939565,-0.4245683468924285,4.943349881366523,-0.003131016185413227,-0.0007598742709334916,0.008213419850363834,2.9350798334582753,0.6369860402837187,-1.4638319136265652,-28.892069382636826,-17.512903399654775,1.2224095904539196
17.0,17.0,437.9754228591919,0.04970884323120117,46.215751736425545,44.384900083828114,23.107875868212773,22.192450041914043,1.8876906100180693,-0.4216409318677489,4.9057635731376585,-0.018516546575887194,0.0029274150246795805,-0.03758630822886477,5.543988779028612,1.1864407855300476,-1.1911338126650517,75.18280973741254,15.83403347261799,7.858537752018467
18.0,18.0,438.0210049152374,0.03358006477355957,45.35979891872603,44.12424755073957,22.679899459363014,22.06212377536977,1.8846913690245606,-0.4223281827299717,4.9129928133277625,-0.0029992409935086783,-0.0006872508622227658,0.007229240190103958,4.291605752574666,0.7547090644693436,-1.345555969997883,-18.76281472981294,-6.468070968816464,-2.3135049477776395
19.0,19.0,438.0698390007019,0.04233694076538086,46.52133305035477,44.18643743469772,23.260666525177385,22.09321871734886,1.8738541153497623,-0.4210379134298429,4.899032800082104,-0.010837253674798264,0.0012902693001287657,-0.013960013245658764,7.3419234215055855,-0.4324237867212554,-1.8236720596551947,94.85649591900494,-36.91656892042479,-14.868096319713676
20.0,20.0,438.1256549358368,0.0747530460357666,47.25187033154771,45.492750790785664,23.625935165773853,22.746375395392818,1.8350248414043944,-0.4170052467337154,4.843942082473977,-0.03882927394536795,0.004032666696127507,-0.05509071760812656,5.119661562148226,2.046162706634154,-1.4656190606073896,-31.289332394794116,34.89837002479612,5.041367764552944
21.0,21.0,438.1706600189209,0.037568092346191406,46.22849519976944,44.20490885740588,23.11424759988472,22.10245442870294,1.8361011674352878,-0.4177424581156858,4.852087551803948,0.0010763260308934708,-0.0007372113819703596,0.008145469329971178,6.501258925590025,-0.10089709981280459,-1.2834134713673457,26.815173078917876,-41.671895042732885,3.536395291929648
22.0,22.0,438.2255640029907,0.0634310245513916,44.904654703808774,44.63546520498713,22.452327351904387,22.31773260249355,1.8347686996619343,-0.4194929961483218,4.86896679205311,-0.0013324677733534962,-0.0017505380326360287,0.01687924024916132,0.2641237930478396,3.4644988295270007,-0.8904991450259918,-199.21139837772023,113.87720383805713,12.54951363562935
23.0,23.0,438.27125000953674,0.045590877532958984,46.50166316470359,45.86953881006082,23.250831582351793,22.93476940503041,1.7950854994494365,-0.41353502804083087,4.795576966995465,-0.03968320021249783,0.005957968107490941,-0.07338982505764502,3.0321925935404197,0.0835531875855687,-1.121343521116199,41.67203997810978,-50.898627205265896,-3.4752590208166363
24.0,24.0,438.38734197616577,0.11575698852539062,47.5474874026022,46.10563944801774,23.7737437013011,23.052819724008884,1.7652371742061068,-0.4109669352595879,4.76304773122134,-0.0298483252433297,0.002568092781242981,-0.03252923577412492,4.735175608557137,1.0452078255952992,-1.6490405822216239,15.064522906969492,8.506760311258201,-4.66798810960843
25.0,25.0,438.4155979156494,0.028543949127197266,46.88570599701052,45.329902862579615,23.44285299850526,22.664951431289808,1.764453077125829,-0.41135984724582897,4.7664120916150265,-0.0007840970802777125,-0.0003929119862410846,0.003364360393686816,5.366132065429295,0.05732208347838059,-1.4067208117755077,19.791520703621288,-30.987496688508845,7.6009631115523835
26.0,26.0,438.4759428501129,0.059243202209472656,47.39709275878249,46.00512653789073,23.698546379391246,23.00256326894538,1.7471260742945103,-0.4092328417339194,4.743380440090557,-0.017327002831318827,0.0021270055119095854,-0.02303165152446951,4.9540125826692245,0.1272119818999534,-1.5811109141788593,-8.649648445606735,1.4668635590754475,-3.6601353279396487
27.0,27.0,438.4857749938965,0.01090383529663086,47.03173677842756,45.92839966831423,23.51586838921378,22.964199834157114,1.7469451415893111,-0.40969269721228896,4.746251807505065,-0.00018093270519914384,-0.0004598554783695752,0.002871367414507553,4.217392828783762,0.23451699134901136,-1.7028983447536472,-23.976278161746468,3.492676840566359,-3.964065987455904
28.0,28.0,438.53179693222046,0.044840097427368164,46.32558011341234,45.709156466924895,23.16279005670617,22.854578233462433,1.7333831654663057,-0.40935569983159414,4.742689629108748,-0.01356197612300547,0.00033699738069481455,-0.003562178396316895,3.631084637150258,-1.1349818980795823,-1.39895543248694,-13.279305747170008,-31.017807243088917,6.884008989248161
29.0,29.0,438.6122660636902,0.08103394508361816,47.3590850910532,46.83825909219476,23.6795425455266,23.419129546097395,1.7130687017716972,-0.4060426009699749,4.702930968227633,-0.02031446369460843,0.0033130988616192347,-0.039758660881115127,3.05050962846017,-0.4160035701757397,-1.6947156905437835,-7.753713756575622,9.602122151839948,-3.949946772110957
30.0,30.0,438.632581949234,0.0207369327545166,46.935883310963845,46.16431733121692,23.467941655481923,23.08215866560846,1.724135078168068,-0.40909635834479113,4.738669392570118,0.011066376396370758,-0.003053757374816224,0.035738424342485864,2.4159405328939227,2.4428746009134894,-1.7845452096476158,-27.53601042655438,124.0559927632709,-3.8979940749372037
31.0,31.0,438.6750979423523,0.042754173278808594,46.29374081808555,46.48521166239945,23.146870409042776,23.24260583119971,1.7027656034980794,-0.406691155812744,4.709575655312127,-0.02136947466998862,0.0024052025320471238,-0.029093737257991137,1.625749906830691,-1.1796132760565783,-1.3482939765498443,-19.470912028454787,-89.2609206566113,10.749569916148205
32.0,32.0,438.71448707580566,0.03938484191894531,47.61611482839294,47.191992622023406,23.80805741419647,23.595996311011703,1.6755581661158578,-0.40238987558317996,4.656358130153191,-0.027207437382221533,0.004301280229564053,-0.05321752515893596,2.87482753961002,-0.5779215420407363,-1.3627932152145186,28.970903694912383,13.955540330516333,-0.33629298610460256
33.0,33.0,438.7686839103699,0.05389094352722168,46.62954899280794,45.622717028353065,23.31477449640397,22.811358514176533,1.6890297966802572,-0.40604196517471064,4.697497680487274,0.013471630564399373,-0.003652089591530683,0.041139550334082564,4.615367030407231,-1.1899349074632466,-1.473383884289891,30.898997940485078,-10.86479210481915,-1.9632653404673175
34.0,34.0,438.8015339374542,0.033178091049194336,47.61058588595506,46.93613913079986,23.80529294297753,23.46806956539993,1.6747536289907006,-0.4040446971927893,4.676361724256082,-0.01427616768955664,0.001997267981921347,-0.021135956231192132,4.237165083156476,-2.0239382409389832,-2.175628755224181,-11.506390014374015,-25.373660019516734,-21.36504962309539
35.0,35.0,438.87975001335144,0.07658910751342773,47.61587974358031,46.79451962050206,23.807939871790154,23.39725981025103,1.6623472112176276,-0.4038502626840651,4.67420211027727,-0.012406417773072942,0.000194434508724195,-0.002159613978811592,4.297363019880683,-1.3513857751402465,-2.1154341433148636,0.9038588369009118,10.098227988721849,0.9038089155334733
36.0,36.0,438.9528999328613,0.07460498809814453,47.999386365966984,47.21227137542269,23.999693182983492,23.606135687711344,1.646916180865825,-0.40156211278286685,4.647207324499499,-0.0154310303518026,0.0022881499011982442,-0.026994785777771035,3.5317702117945866,0.0841735338171521,-1.6187544244292558,-10.118572482516923,18.973285494870815,6.564442198332379
37.0,37.0,438.99398398399353,0.039717912673950195,48.209806426393015,47.66047916516155,24.104903213196508,23.830239582580788,1.6269272257135141,-0.39918535359623203,4.6197231556198695,-0.019988955152310917,0.0023767591866348248,-0.027484168879629678,2.9685012850781054,0.022648862403102148,-1.747307142135372,-13.407341836790234,-1.464455541428375,-3.0599064648951226
38.0,38.0,439.0536940097809,0.05728602409362793,46.89547218371058,51.576137122178665,23.44773609185529,25.788068561089347,1.6045435213063164,-0.3962196935650652,4.585888878132752,-0.022383704407197724,0.002965660031166828,-0.033834277487117426,10.60832383000048,39.21656868879231,2.686064624005715,149.7265998152377,768.1294054318788,86.88600767335294
39.0,39.0,439.10445284843445,0.05465388298034668,49.151298146454565,47.736116426558056,24.575649073227282,23.868058213279028,1.6002162900440116,-0.39725295336885175,4.594793839795092,-0.0043272312623048315,-0.001033259803786546,0.008904961662340227,3.8054239324724963,4.062974856685396,-1.5035598434013888,-179.78117755305968,-929.0088917308166,-110.71978591501262
40.0,40.0,439.13507294654846,0.030407190322875977,48.56745308569816,47.701552558365876,24.28372654284908,23.850776279182924,1.5788564785100858,-0.39316148165100084,4.5477759433948215,-0.021359811533925743,0.004091471717850903,-0.047017896400270764,5.22933668247041,-3.517549733519743,-1.5973947125484038,32.14105859004203,-171.11026289875883,-2.118073615850097
41.0,41.0,439.170373916626,0.0356290340423584,47.80469550958469,47.97344388358408,23.902347754792345,23.98672194179204,1.564230082388091,-0.39198055131629983,4.531297384076864,-0.014626396121994789,0.0011809303347010136,-0.016478559317957497,2.6397715333422993,-2.907058607200444,-1.4600829560837427,-67.69224298236014,15.958476146195718,3.5893828684209947
42.0,42.0,439.23847699165344,0.06814193725585938,49.43087936308643,49.2815034647399,24.715439681543216,24.64075173236995,1.5352356434833032,-0.38824226518033034,4.485692528619393,-0.02899443890478781,0.003738286135969493,-0.04560485545747106,1.7349240665343486,0.4183635118623473,-1.5195214747440045,-14.937636672658932,54.897592378767825,-0.981238306650964
43.0,43.0,439.26648592948914,0.028048038482666016,48.180052427352166,48.46664243695608,24.090026213676083,24.23332121847804,1.5355168557314847,-0.38867108599907013,4.491380526146451,0.0002812122481814505,-0.0004288208187397946,0.005687997527058286,0.9352458266803719,-0.33575453248161136,-1.2746035188683644,-19.24388470132359,-18.147499798409832,5.893836632362677
44.0,44.0,439.31361508369446,0.047154903411865234,49.41121865113905,48.80756412234638,24.705609325569526,24.40378206117319,1.5236686959893375,-0.38777905472485574,4.4791212874544195,-0.011848159742147146,0.0008920312742143888,-0.012259238692031715,3.4810440070851874,-0.7635119518645536,-1.7053650865018741,57.56471398524278,-9.672303834363301,-9.740232602693904
45.0,45.0,439.33784103393555,0.0242459774017334,48.04953895549306,48.007649749462075,24.02476947774653,24.003824874731038,1.522127477173385,-0.38818285791732027,4.480721657736053,-0.0015412188159524831,-0.0004038031924645247,0.001600370281633623,3.0207829021230053,-2.7511609903832364,-1.1274174930738445,-46.089888828633164,-199.04033216796145,57.87484547942123
46.0,46.0,439.35735607147217,0.017980098724365234,47.72045388314996,49.34436506710608,23.86022694157498,24.67218253355304,1.4987538135419376,-0.3841410396967113,4.433059675365921,-0.02337366363144744,0.00404181822060895,-0.04766198237013253,-1.3352062090558254,-2.414829004359254,-0.771591080633111,-129.31551511465346,9.98463102458388,10.563358778396989
47.0,47.0,439.37331104278564,0.014948844909667969,47.71979817700344,47.821509975669215,23.85989908850172,23.910754987834622,1.5002596473991212,-0.38488018231215076,4.442688030468151,0.0015058338571836138,-0.0007391426154394476,0.00962835510223048,4.48056033856709,-6.328952949611015,-1.3907965161387232,529.1343360902599,-356.1176945784217,-56.337002927612396
48.0,48.0,439.4183249473572,0.045289039611816406,46.72705014570511,52.1650587816294,23.363525072852553,26.0825293908147,1.4913917564857289,-0.3851799848127933,4.44210656087205,-0.008867890913392351,-0.0002998025006425431,-0.0005814695961010585,9.808151723521759,39.85592358819774,3.4455089894064663,128.92201894857615,1117.6246633628966,117.03342560914236
49.0,49.0,439.44915986061096,0.031887054443359375,47.92049204819659,47.98557470575082,23.960246024098296,23.99278735287541,1.4920264627827828,-0.38559785873923114,4.44710909615841,0.0006347062970539774,-0.0004178739264378284,0.005002535286360299,4.213792689146645,-5.635161447502121,-1.4048979739727065,-153.6747406513611,-1249.6213868030839,-133.23868338995683
50.0,50.0,439.49260902404785,0.044393062591552734,48.08867868637776,47.950376338592065,24.04433934318888,23.97518816929602,1.4937052569529865,-0.3870888027883268,4.463277146091863,0.001678794170203668,-0.001490944049095666,0.016168049933452444,4.385283571917064,-5.043618690039652,-1.671552681957889,3.6863908464449855,12.715881865917027,-5.732045102327721
51.0,51.0,439.51072096824646,0.018352031707763672,47.21533482707355,52.32677469461956,23.607667413536774,26.163387347309794,1.482615786243667,-0.384992969562747,4.440534157596079,-0.011089470709319427,0.002095833225579824,-0.022742988495783933,8.754688240583633,39.01041563591836,2.905573330655108,203.55890170504452,2052.3598803690174,213.23608471756108
52.0,52.0,439.54150795936584,0.030536890029907227,46.72578871098267,52.2642999776146,23.362894355491335,26.1321499888073,1.4779641002695638,-0.3841614121381616,4.430721972496752,-0.004651685974103259,0.0008315574245854052,-0.009812185099327131,8.076101262645821,40.810074946468916,2.9858972173971114,-23.009079102599664,61.02165938996617,2.7235693049865515
53.0,53.0,439.5676760673523,0.026314973831176758,46.731965156024216,52.18064527234739,23.365982578012108,26.09032263617371,1.4709830117201288,-0.3841521240765989,4.4286036859078,-0.006981088549435022,9.288061562695571e-06,-0.0021182865889519675,7.885767175459215,40.0880887270018,2.769298431128542,-16.70472950874936,-63.36534187603718,-19.009858875107906
54.0,54.0,439.6156780719757,0.047991037368774414,46.314084456500495,47.707085109610034,23.157042228250248,23.853542554805017,1.5143751071853149,-0.3981866640487643,4.59001128061866,0.043392095465186076,-0.014034539972165416,0.16140759471086064,4.035155590146223,30.159558666707653,0.6024969773812594,-100.94651966801229,-260.2834725862041,-56.804240241124816
55.0,55.0,439.62445306777954,0.007385969161987305,49.455595198778155,53.65420202009727,24.727797599389078,26.827101010048636,1.452648414146222,-0.3827025142704058,4.408875705100925,-0.06172669303909295,0.015484149778358491,-0.18113557551773507,4.482430499546161,39.89463500769294,2.1846268851503754,15.294615447796284,332.892022023023,54.10110877949774
56.0,56.0,439.67198395729065,0.04844808578491211,47.72279870941884,54.341237331412486,23.86139935470942,27.170618665706257,1.4321150054050917,-0.3788987209512497,4.366654370261052,-0.020533408741130188,0.00380379331915609,-0.04222133483987367,10.039251923571905,41.02175311514652,2.8099767135565448,134.68438607606444,27.318713119203025,15.157020766853954
57.0,57.0,439.71339893341064,0.0414578914642334,47.75063795109668,54.083387918125425,23.87531897554834,27.041693959062712,1.4045588401783062,-0.3773452666799853,4.34043286113042,-0.0275561652267855,0.0015534542712644095,-0.026221509130631482,9.46276956569755,39.97760832647318,2.815109175455388,-12.954071734278946,-23.462862841668997,0.11533098750189436
58.0,58.0,439.76773595809937,0.0538330078125,47.17615897819246,52.68924384825459,23.58807948909623,26.344621924127296,1.4011578409886052,-0.37752321142033385,4.340437498252872,-0.0034009991897010483,-0.00017794474034854568,4.637122452244569e-06,5.930658406145144,42.36390360160299,2.823513062666756,-77.00413207072803,52.02401289916818,0.18321451718231857
59.0,59.0,439.7979040145874,0.03129696846008301,47.33674467024025,54.05543641837329,23.668372335120125,27.027718209186645,1.3913667968330918,-0.3757860158235371,4.322391674391681,-0.009791044155513351,0.0017371955967967478,-0.01804582386119158,8.514609943462135,41.19274683387766,2.806102191030935,57.181106854501536,-25.916910325729233,-0.38529086055213596
60.0,60.0,439.84672498703003,0.0415651798248291,47.83684350628778,52.49468225745437,23.91842175314389,26.247341128727186,1.392725827447316,-0.3768329806595783,4.333180503810863,0.0013590306142241548,-0.0010469648360412198,0.010788829419182022,6.183645012122735,40.125086221029946,2.7825417135410664,-60.11963655210593,-27.536822687641482,-0.6076656601054383
61.0,61.0,439.8983600139618,0.05663800239562988,47.29068279816079,53.08891205051137,23.645341399080394,26.5444560252557,1.3922692337479852,-0.3774140870666614,4.336826318296587,-0.0004565936993308206,-0.0005811064070830874,0.003645814485723875,8.006918309377802,41.37998019898604,3.2667044298521075,34.984960353950854,24.078900367432894,9.290112162835744
62.0,62.0,439.93943095207214,0.0422358512878418,49.884047386649854,50.22342072828019,24.942023693324927,25.111710364140094,1.3715107130192699,-0.3742050508892188,4.297120698206546,-0.020758520728715313,0.0032090361774426146,-0.039705620090040306,4.0151039999484,-6.441804149256912,-1.5323569155226608,-84.1549648675666,-1008.1732940894221,-101.17325296502578
63.0,63.0,440.03164887428284,0.09318995475769043,49.174484320932606,54.528905015809585,24.587242160466303,27.264452507904792,1.3557351491163683,-0.3741165188338269,4.294504472461336,-0.01577556390290158,8.85320553918878e-05,-0.0026162257452106985,9.818108160705956,37.440478207077085,2.150609540416799,71.76255886015797,542.6680359476752,45.54521929548985
64.0,64.0,440.05029296875,0.017405033111572266,49.188773374037964,49.52195942287011,24.594386687018982,24.760979711435056,1.3541926004799247,-0.37493960301125356,4.2985019416016,-0.0015425486364435415,-0.0008230841774266584,0.0039974691402644424,3.462584954915473,-5.465490626145114,-1.0392124367540179,-321.6996295589086,-2171.785678783766,-161.46027875089564
65.0,65.0,440.10864901542664,0.05884814262390137,48.52394411630485,53.79221772486889,24.261972058152423,26.89610886243446,1.3370877804687549,-0.3741478429611083,4.289822648848884,-0.017104820011169863,0.0007917600501452515,-0.008679292752716172,9.247680664443529,37.41296832656647,3.05244619150839,110.37121811310003,818.0586775131184,78.06289983422577
66.0,66.0,440.15533089637756,0.04349184036254883,50.19707886567426,50.36879025051175,25.09853943283713,25.18439512525586,1.3280643762538338,-0.3724021899564731,4.268509605714526,-0.009023404214921094,0.0017456530046351948,-0.021313043134357557,3.161912223423267,-4.126153516142317,-1.0095928150104168,-164.0850518133814,-1119.9816466728003,-109.52107154784785
67.0,67.0,440.195307970047,0.04198503494262695,50.47169666241143,50.77287905779758,25.235848331205716,25.38643952889879,1.3001410075468758,-0.3698886563167396,4.236816026514089,-0.027923368706957996,0.0025135336397335006,-0.03169357920043758,3.604481153291747,-5.640234481053853,-1.2193314688204093,7.668978730848239,-26.236488675649625,-3.6344197853734865
68.0,68.0,440.2478709220886,0.05046701431274414,50.6887237210301,49.62383724110779,25.34436186051505,24.811918620553882,1.304567866034811,-0.3727636247139444,4.2649985784696955,0.004426858487935226,-0.0028749683972048024,0.028182551955606705,5.56194944525947,-3.359358838223482,-1.2073775888426788,48.616837720418474,56.64917354879318,0.2968936178386225
69.0,69.0,440.29461908340454,0.04940295219421387,50.80864914034737,50.95433410281922,25.404324570173685,25.477167051409623,1.296434514707535,-0.37140822951436825,4.249720272769245,-0.008133351327276106,0.0013553951995761704,-0.01527830570045019,2.5888670422824567,-2.7649578900488043,-1.2094014922497716,-50.30441369447096,10.057235940525647,-0.034244349960196006
70.0,70.0,440.3430218696594,0.04975414276123047,52.27858995400925,50.97457833529316,26.139294977004624,25.487289167646566,1.2714594934431427,-0.367962300380495,4.208008329903105,-0.024975021264392216,0.00344592913387326,-0.041711942866140106,6.81135937302304,-5.559472623166977,-1.8015473548378649,96.22820638750397,-63.68540649172753,-13.4946685069857
71.0,71.0,440.42876386642456,0.08560681343078613,49.37604950067771,54.84445645352528,24.688024750338855,27.422228226762655,1.2575683067797236,-0.3665181613801393,4.190332593574121,-0.013891186663419042,0.0014441390003556709,-0.017675736328984115,8.190857901790217,39.66897954036392,3.500235884366393,15.288046009708308,501.2362414346954,58.756065631248546
72.0,72.0,440.46320390701294,0.034562110900878906,51.857275271661365,50.991542520204206,25.928637635830682,25.49577126010209,1.253615861661812,-0.36731037657189036,4.196964156262023,-0.003952445117911596,-0.0007922151917510445,0.006631562687902104,5.191263933864993,-3.4826377418317445,-1.4965964461998866,-160.81921691947846,-2313.516220640945,-267.89847928499165
73.0,73.0,440.5430679321289,0.0799720287322998,50.68336668579468,51.206798635811225,25.34168334289734,25.6033993179056,1.2442455547699034,-0.3651224703438257,4.17326644889793,-0.009370306891908653,0.00218790622806464,-0.023697707364092935,3.7208324155917216,-6.879139661772103,-1.1585219320716889,-22.828830318402627,-52.73157236013298,5.248694428879022
74.0,74.0,440.5595450401306,0.016418933868408203,50.54782453998246,51.34057272621354,25.27391226999123,25.670286363106783,1.2308782742039828,-0.36424548318907457,4.157287986520861,-0.013367280565920625,0.0008769871547511521,-0.01597846237706957,3.407298815067278,-7.033891901884462,-1.026143910015175,-6.8446472672739445,-3.3783444441610917,2.889900366023475
75.0,75.0,440.6402859687805,0.06979107856750488,52.021571653813226,51.77337957736202,26.010785826906613,25.886689788680997,1.2047224005102768,-0.3618941328509747,4.125339324971795,-0.026155873693705978,0.0023513503380998557,-0.03194866154906606,5.172547627000319,-6.791964624851438,-1.4142417182630782,37.916680252399246,5.196479468268137,-8.336150916809615
76.0,76.0,440.6528789997101,0.0233919620513916,50.311058755425165,55.160304949104244,25.155529377712583,27.580152474552136,1.1925871260688907,-0.3613907107958465,4.117376946334943,-0.012135274441386068,0.0005034220551282109,-0.007962378636851675,6.305619430649002,38.70013683774973,3.0254001974785987,43.544507956119524,1748.2838843045074,170.61762732053307
77.0,77.0,440.7385468482971,0.0761570930480957,53.14329213962537,51.95970845316282,26.571646069812687,25.97985422658141,1.187129609080644,-0.36121129079890163,4.115542278311418,-0.005457516988246702,0.00017941999694487398,-0.0018346680235250545,5.98873042101105,-3.8895185054621533,-1.6138827592519598,-5.576982765816697,-749.54247899773,-81.64751792747188
78.0,78.0,440.78151202201843,0.04811692237854004,51.54306356101165,56.209266671748395,25.771531780505825,28.104633335874183,1.1789714603485224,-0.36123920004861626,4.1118890665733945,-0.008158148732121617,-2.790924971463049e-05,-0.003653211738023465,8.063642208771462,33.74384944390539,1.5616226447222779,42.16784558495359,764.8122960656254,64.5348984563353
79.0,79.0,440.8133330345154,0.03440499305725098,51.03256359011334,56.35149335803476,25.51628179505667,28.17574667901738,1.1677316297372584,-0.358330338612186,4.080175620401102,-0.01123983061126399,0.0029088614364302656,-0.03171344617229277,5.67012019248029,36.45504053019134,1.900418977532103,-54.109246056097916,61.290643910709605,7.659012121106965
80.0,80.0,440.89032196998596,0.07862401008605957,50.88733196313456,56.41489075028312,25.44366598156728,28.20744537514156,1.1603720459788982,-0.35798555295090567,4.076757959471597,-0.007359583758360211,0.0003447856612803224,-0.0034176609295046845,7.382162567472678,35.42363087183207,1.9783997144644574,45.072850069045614,-27.153868134367745,2.0529947829365653
81.0,81.0,440.91410994529724,0.023122072219848633,51.347207722280245,57.11101252324775,25.673603861140123,28.55550626162389,1.1340620177739877,-0.3555599116890341,4.04551396057262,-0.026310028204910463,0.0024256412618715584,-0.031243998898976777,6.374983279602645,35.47946583530457,1.7203741878858747,-18.959043326079712,1.0510318315063705,-4.857046999033542
82.0,82.0,440.96448707580566,0.05087399482727051,51.77581703578562,57.7004052413121,25.88790851789281,28.850202620656034,1.1104972639505981,-0.3523076331432509,4.008973570648788,-0.023564753823389628,0.0032522785457831938,-0.03654038992383235,7.241375325709939,35.61912165457064,2.135388747689353,13.15405028833918,2.120333026992684,6.300983965141165
83.0,83.0,440.99746894836426,0.03182196617126465,50.8410076847083,56.642337972975895,25.42050384235415,28.321168986487947,1.1098516798123264,-0.3534359267915287,4.020048035707518,-0.0006455841382717598,-0.0011282936482777672,0.011074465058729999,5.051896390190473,36.38241490464373,1.5464997941660543,-66.66720090283803,23.24143138574191,-17.931014332725358
84.0,84.0,441.0676898956299,0.06653094291687012,54.77535231483944,54.80896946833809,27.38767615741972,27.404484734169046,1.0899748494228783,-0.35165261794063585,3.996115030153052,-0.019876830389448097,0.0017833088508928396,-0.02393300555446576,3.0714056794194127,-3.146044685357236,-1.8957959382334186,-29.66675396388575,-592.1164279389129,-51.56385738576387
85.0,85.0,441.10515093803406,0.03878903388977051,53.89796486340015,54.21307395743767,26.948982431700074,27.10653697871882,1.0821118722519967,-0.3505035117437475,3.982457433222885,-0.00786297717088158,0.0011491061968883498,-0.013657596930167326,3.200348388562368,-4.9758560215525405,-1.481218508833758,4.263533182990281,-60.503315017456266,13.708139366023495
86.0,86.0,441.1762709617615,0.0711359977722168,55.01210492594623,54.05912375644962,27.506052462973116,27.029561878224797,1.0625492258706701,-0.3490493088887186,3.96434732061378,-0.019562646381326543,0.0014542028550288966,-0.018110112609104778,6.0857562349010905,-5.66334113393544,-1.8696405508676657,37.63415191860702,-8.966815278480873,-5.066158725875878
87.0,87.0,441.24050998687744,0.0676720142364502,53.705277373375566,54.17659024719083,26.852638686687783,27.0882951235954,1.0566240156619962,-0.3478294374028168,3.949664192772023,-0.005925210208673981,0.0012198714859018023,-0.01468312784175696,3.6272492896778634,-6.718910184602373,-1.3047282546935448,-42.99436502978065,-18.45978965676358,9.879185217968303
88.0,88.0,441.26670598983765,0.026170015335083008,54.25046436663433,54.62367562803965,27.125232183317166,27.31183781401981,1.0459980006159049,-0.34722718653122514,3.942036507891589,-0.010626015046091286,0.0006022508715916586,-0.007627684880433971,3.2564860350778293,-5.437701930028637,-1.4931320592520312,-10.317903646690784,35.65451311052189,-5.243055448419416
89.0,89.0,441.3489570617676,0.0826718807220459,54.385518477102096,56.0143172596006,27.192759238551048,28.0071586298003,1.0298003626311494,-0.3451450883298034,3.91664929063352,-0.016197637984755486,0.002082098201421745,-0.02538721725806914,-0.629412562994801,-3.7300471293836406,-1.3825130050262604,-56.7515226119384,24.939407858006675,1.6155336014992263
90.0,90.0,441.42091608047485,0.07213306427001953,55.755581424746424,55.319436658280324,27.877790712373212,27.659718329140162,1.0003451479811152,-0.34311434552247183,3.892815954708631,-0.0294552146500342,0.0020307428073315648,-0.02383333592488901,5.310030068732193,-6.402929078159212,-1.966073790886047,75.4993104882791,-33.976377357557936,-7.417941327535214
91.0,91.0,441.4820809364319,0.06078195571899414,55.31350394719516,55.27954580327008,27.65675197359758,27.63977290163504,0.9973541684499858,-0.34324976224347375,3.8932202456032887,-0.0029909795311293674,-0.00013541672100192415,0.00040429089465776613,2.976090229009018,-2.69431900541456,-1.1338376034588677,-37.60772498361603,59.75834737188074,13.410161275573737
92.0,92.0,441.5382630825043,0.03147697448730469,56.302605327306765,55.710105601526465,28.151302663653382,27.855052800763218,0.986000092890994,-0.34236220991392396,3.8834205513634656,-0.011354075558991816,0.00088755232954979,-0.009799694239823076,4.375214430244065,-2.8482593416794364,-1.6016556282461871,38.985638585606225,-4.289442143929394,-13.03542917926174
93.0,93.0,441.56481194496155,0.05096912384033203,56.82469689216964,55.786931838775956,28.41234844608482,27.893465919387978,0.971830986210116,-0.34057740945517107,3.8623936908572447,-0.014169106680878008,0.0017848004587528998,-0.021026860506220935,5.769214276493789,-4.261207528743701,-1.7813644809277713,29.17405123981279,-29.57060785875364,-3.7610013304415353
94.0,94.0,441.659471988678,0.09502005577087402,57.680264430959824,58.01720375030405,28.840132215479912,29.00860187515201,0.9190611586856459,-0.33568727861898046,3.798607532241745,-0.052769827524470125,0.004890130836190609,-0.06378615861549974,2.85616872094813,-4.500523101902157,-1.7577863886595129,-34.4417156470962,-2.8294919401291203,0.27877008234848644
95.0,95.0,441.6991229057312,0.0390019416809082,56.6458092462924,56.65468699103741,28.3229046231462,28.327343495518704,0.9119801840027218,-0.3349131224534403,3.789460070770319,-0.007080974682924013,0.000774156165540163,-0.009147461471425977,4.443865724819935,-6.638907661834607,-1.7933095373141499,37.03696805984132,-49.88312030112689,-0.828665494044742
96.0,96.0,441.74760007858276,0.048722028732299805,56.72004935012001,56.729274744577054,28.360024675060004,28.364637372288513,0.9085297811960421,-0.33518302917844106,3.792026335199438,-0.003450402806679742,-0.00026990672500076807,0.002566264429118892,3.9123326999439367,-5.300232872281595,-1.736141050122873,-11.230102066630232,28.283199382036955,1.2078420645690975
97.0,97.0,441.801717042923,0.048625946044921875,57.80351974437053,57.293332201910346,28.901759872185266,28.646666100955173,0.9029684242747569,-0.33400069045550873,3.7763918237273537,-0.005561356921285232,0.0011823387229323301,-0.015634511472084167,4.643292394249283,-4.245509840309137,-1.808280882580329,13.360411940628088,19.278127508537818,-1.3185650131851
98.0,98.0,441.8399820327759,0.043144941329956055,57.12100714026178,56.80950106797323,28.56050357013089,28.40475053398663,0.896311069904631,-0.3342748483196636,3.7796878464865693,-0.006657354370125823,-0.0002741578641548559,0.003296022759215589,4.452289811320849,-4.9501608887618636,-1.722353036186349,-4.376787993744835,-16.14694524734873,1.9690203172092033
99.0,99.0,441.918653011322,0.07811594009399414,58.55382132530872,59.324267704153385,29.27691066265436,29.662133852076693,0.8664774324518528,-0.3305726478372107,3.7336944435654904,-0.029833637452778228,0.0037022004824529,-0.045993402921078896,1.876941110571128,-4.497264404033752,-2.122318850273335,-36.75130090552865,6.463021875233259,-5.707679112019423
100.0,100.0,441.99270606040955,0.0727992057800293,57.93341963375656,57.83903248924324,28.96670981687828,28.919516244621605,0.8638474771370995,-0.33092043483430506,3.7364012002961715,-0.002629955314753296,-0.0003477869970943681,0.0027067567306811036,4.217304642363161,-5.487547730795259,-2.123312607763198,44.366186025334926,-18.772764870099966,-0.018838624453174496
101.0,101.0,442.08426904678345,0.09416699409484863,58.6491175344554,59.05850233879016,29.3245587672277,29.52925116939508,0.8489399180613727,-0.3297412583744954,3.721000972677715,-0.014907559075726828,0.0011791764598096388,-0.015400227618456608,2.0857527906921836,-3.039161810393585,-2.00668033413173,-31.812323937128788,36.54091077440327,1.7406771819223934
102.0,102.0,442.14221692085266,0.037091970443725586,58.83407260531908,57.70048090341493,29.41703630265954,28.850240451707464,0.8450502757291631,-0.3293643480320342,3.71776863672716,-0.003889642332209564,0.0003769103424612341,-0.003232335950555054,5.971170421832707,-4.339991971407478,-1.8649471594100926,46.689040160790334,-15.63139857686728,1.7031337464622514
103.0,103.0,442.26116585731506,0.11800289154052734,59.880827387341924,59.909394829063814,29.940413693670962,29.95469741453192,0.8136045604077949,-0.32591223524831237,3.671457565732433,-0.031445715321368195,0.003452112783721817,-0.046311070994726755,3.3795492972008376,-4.100667571047881,-1.9591010230762427,-28.047246245834085,2.590035374277825,-1.0189593587358614
104.0,104.0,442.2746138572693,0.030878067016601562,59.82353772209012,60.11793233135245,29.91176886104506,30.058966165676225,0.7862372481609939,-0.3221078196543416,3.6293522297744505,-0.027367312246801,0.003804415593970767,-0.042105335957982604,3.458393998305082,-5.952733767983152,-1.8285913654824812,1.4629058517373457,-34.363735791442814,2.421511390470255
105.0,105.0,442.35768389701843,0.08584904670715332,59.879830238323166,59.82383479532092,29.939915119161583,29.91191739766046,0.770110704418664,-0.3207004370450132,3.611558509340536,-0.016126543742329913,0.0014073826093283781,-0.017793720433914473,3.2514875018239517,-3.372865156436994,-1.2227852059030664,-3.19497518920265,39.837396821633284,9.354639328586233
106.0,106.0,442.37184596061707,0.01581096649169922,60.05893712779243,60.18207181435204,30.029468563896216,30.091035907176007,0.7554595737021016,-0.318313090089036,3.5837628469317417,-0.014651130716562433,0.0023873469559771987,-0.027795662408794275,3.4167317383442897,-5.085406095890934,-1.2402276439628175,4.634281220507365,-48.02827912297346,-0.48917387282199487
107.0,107.0,442.43168091773987,0.05699896812438965,59.82907170906515,59.57878960931356,29.914535854532573,29.78939480465678,0.7462050696032283,-0.318392745608404,3.582479990065145,-0.009254504098873295,-7.965551936800486e-05,-0.0012828568665965712,4.62091296026783,-6.2609835234565665,-1.5662627456447193,24.152749041622045,-23.579031187376525,-6.5394176942104
108.0,108.0,442.5332040786743,0.10359692573547363,58.624482596141206,63.03508170274657,29.312241298070603,31.51754085137327,0.7363607609815408,-0.31702596678796113,3.568934268708974,-0.009844308621687503,0.0013667788204428932,-0.01354572135617138,6.0803903764149005,28.078544676565173,1.7495768161360785,36.784054300073436,865.4790104824866,83.57102421829168
109.0,109.0,442.6157009601593,0.08317399024963379,60.183618541350825,61.15162259903269,30.091809270675412,30.575811299516346,0.7198176172861909,-0.31536781262593305,3.5491176769399497,-0.016543143695349927,0.0016581541620280804,-0.01981659176902406,1.4642353615495636,-5.112725435395358,-1.3012733095076938,-32.79263282568077,-235.78695479126276,-21.67288742562663
110.0,110.0,442.67404794692993,0.053913116455078125,59.222898859923816,60.145056131023466,29.611449429961908,30.072528065511733,0.7170286002878066,-0.31542805124943624,3.547017760122633,-0.002789016998384297,-6.0238623503183764e-05,-0.0020999168173165828,2.187949368599958,-5.9814542630456184,-0.732706276719121,22.484511859940124,-26.989865386167693,17.664370272462406
111.0,111.0,442.69883394241333,0.02940201759338379,59.06324996817534,63.079031020954915,29.53162498408767,31.539515510477457,0.7096741736186701,-0.31515963816052167,3.5460403861398677,-0.007354426669136438,0.0002684130889145653,-0.0009773739827654282,7.07343192479194,26.212111465356223,1.8038116315986603,83.1387147619031,547.8541060124915,43.165201480621995
112.0,112.0,442.7265739440918,0.027608871459960938,59.51317699199922,64.99534292629627,29.75658849599961,32.49767146314812,0.679454078580001,-0.31229457539495087,3.5068170679978845,-0.03022009503866918,0.0028650627655708027,-0.03922331814198321,7.0353796989802895,27.52763438265581,1.5665536245441192,-1.2351804210898951,42.70205267324995,-7.70142715201828
113.0,113.0,442.8057680130005,0.07386398315429688,62.09297208398016,61.98386128635957,31.04648604199008,30.991930643179785,0.6605915958463431,-0.3116987950023625,3.4929653415309936,-0.01886248273365787,0.0005957803925883409,-0.013851726466890923,3.5210966786840667,-3.899801885497423,-1.5429453428385624,-88.5299514655551,-791.7032838385086,-78.33284657915189
114.0,114.0,442.8816509246826,0.07760310173034668,62.14331557541641,62.61802488542665,31.071657787708205,31.30901244271331,0.6345698661784334,-0.3086303410652682,3.4548212897647583,-0.02602172966790972,0.0030684539370943176,-0.038144051766235254,2.9484996654043396,-6.37341885150169,-1.2965867215766114,-5.958029499787178,-25.738665261650034,2.563429251225487
115.0,115.0,442.925950050354,0.04709005355834961,60.46454948251653,65.05085747016088,30.232274741258266,32.52542873508045,0.6295655968578394,-0.30803702324984433,3.448673164030547,-0.005004269320593946,0.0005933178154238772,-0.006148125734211529,6.6659158168564385,24.968315395564346,1.3569378941980252,76.6036004230113,645.8490491812759,54.68032931960647
116.0,116.0,442.9641020298004,0.035867929458618164,60.91714418964261,64.9914650711832,30.458572094821307,32.4957325355916,0.6181315300157709,-0.30736526850141166,3.437583170448961,-0.011434066842068491,0.0006717547484326736,-0.011089993581586022,5.005492300598978,24.967026565436562,1.292873312616525,-47.813813435396874,-0.03711335251302766,-1.844813640352975
117.0,117.0,443.0344150066376,0.07336187362670898,60.74659470269398,65.56016663300349,30.37329735134699,32.78008331650176,0.6103099247600116,-0.30659949347432874,3.4271557439733655,-0.007821605255759367,0.0007657750270829156,-0.010427426475595247,5.102101334296318,24.951036396096704,0.9405308639685344,1.3044872498531606,-0.21591119617431936,-4.7575906129366565
118.0,118.0,443.13226294517517,0.09788703918457031,64.78153231061196,64.12100198851044,32.39076615530598,32.06050099425522,0.5717499148305092,-0.30191778225372873,3.3663694624854457,-0.03856000992950237,0.0046817112206000155,-0.06078628148791987,4.956371110157835,-5.398081776550181,-1.1401449385169897,-1.6350663724819754,-340.5115366557139,-23.34480068766082
119.0,119.0,443.19612288475037,0.06411004066467285,64.88155409745787,63.51835934975739,32.44077704872893,31.75917967487871,0.5559298631320617,-0.30145499778032153,3.355449840429832,-0.015820051698447468,0.0004627844734071962,-0.010919622055613587,6.278163350302785,-4.087917198891119,-1.394497443243602,22.222483355214813,22.026994587612148,-4.276272874793461
120.0,120.0,443.26558089256287,0.06928896903991699,64.99998443901836,65.3974882703113,32.49999221950918,32.698744135155664,0.5336934938176998,-0.2985933830369193,3.323561607206643,-0.022236369314361903,0.002861614743402241,-0.03188823322318912,2.49172931614517,-4.917423944015101,-1.3537639881007237,-63.07446081919156,-13.817932709929742,0.6785383548907797
121.0,121.0,443.30515789985657,0.03916597366333008,64.5232949305655,64.39885863803974,32.26164746528275,32.199429319019856,0.5194069216237911,-0.2986712490598168,3.322457585032981,-0.01428657219390872,-7.786602289749922e-05,-0.0011040221736617895,3.8193583089289818,-5.450419873699897,-1.3740827075803381,22.64309134102045,-9.090397683270686,-0.34654155913300266
122.0,122.0,443.40840697288513,0.1041111946105957,64.94798089516644,64.47688096934039,32.47399044758322,32.23844048467021,0.5145001408083045,-0.29787104504531753,3.3144030903809822,-0.004906780815486567,0.0008002040144992617,-0.008054494651998922,4.190033097965015,-3.512047980420203,-0.9632425271164724,8.776059102780005,45.892698402362875,9.727010879062481
123.0,123.0,443.44058895111084,0.03215599060058594,63.166750187936714,66.77043790580356,31.583375093968357,33.385218952901795,0.5076606733498402,-0.2981457355419527,3.314857747822432,-0.00683946745846431,-0.0002746904966351993,0.00045465744144967957,4.646454483227267,20.995702649533772,0.908228924903639,6.183885086896848,332.046478380673,25.3558767761303
124.0,124.0,443.47850704193115,0.022594928741455078,65.60762641008023,65.10064985022379,32.803813205040115,32.55032492511191,0.49847053773863714,-0.29681379143363423,3.299642337852001,-0.009190135611203076,0.0013319441083184946,-0.015215409970430915,4.252862829881779,-3.255976926025063,-1.1101053551444116,-10.772714225077793,-663.775289249654,-55.242376775073964
125.0,125.0,443.5040559768677,0.04044008255004883,63.895546913347744,67.83082404145233,31.947773456673872,33.915412020726166,0.4857646898863943,-0.29618534780022726,3.2894677473750407,-0.012705847852242824,0.0006284436334069721,-0.010174590476960343,5.3854695772457175,20.169043554180007,0.595478870400898,31.586801495365922,653.290715118229,47.56633358516968
126.0,126.0,443.5716440677643,0.06778478622436523,64.94568720859411,69.66756842163113,32.472843604297054,34.833784210815566,0.4584496622390711,-0.29297010374277643,3.2465948780978953,-0.027315027647323242,0.003215244057450828,-0.0428728692771454,5.7341662962427895,21.02308018028938,0.6063915410509328,4.6655269054807516,11.426923857613765,0.14601043185845217
127.0,127.0,443.6060359477997,0.03198122978210449,67.8370664108088,66.97300402697925,33.9185332054044,33.48650201348963,0.4341323239546417,-0.2903257454199021,3.21418195048168,-0.02431733828442939,0.0026443583228743517,-0.03241292761621528,5.379911761797714,-5.79574793922792,-1.6463202574418507,-15.479712990729153,-1171.8911733568493,-98.43581013330426
128.0,128.0,443.66159296035767,0.0558779239654541,67.27408873154081,66.98319887226504,33.63704436577041,33.49159943613253,0.4301997408823659,-0.2904761150785677,3.2140937429587937,-0.003932583072275786,-0.0001503696586656056,-8.820752288629663e-05,4.014552885919653,-4.878163840429896,-1.7200235125838483,-25.084232126722963,16.85776020992092,-1.3540685845602327
129.0,129.0,443.6924228668213,0.033132076263427734,67.78439893832706,66.67652240925938,33.89219946916353,33.3382612046297,0.4262993746314185,-0.2898761236451085,3.2080084092078796,-0.003900366250947418,0.0005999914334591794,-0.006085333750914135,5.880964392004559,-5.440184591377188,-1.8371187471470145,41.20308245892188,-12.407224917661326,-2.5850058197366543
130.0,130.0,443.7694158554077,0.07522177696228027,65.65438418312146,69.38123276914249,32.82719209156073,34.69061638457123,0.4184207241800964,-0.28989308388204493,3.2059012402995384,-0.007878650451322078,-1.6960236936425233e-05,-0.0021071689083411727,4.129333274597397,18.54476523276601,0.1490804726535717,-24.778996688877182,339.29689097729187,28.09725369787949
131.0,131.0,443.8786199092865,0.11072802543640137,70.2448344690697,70.20721033084513,35.12241723453485,35.10360516542255,0.3759554675840237,-0.2842876924562379,3.136744495570448,-0.0424652565960727,0.005605391425807016,-0.06915674472909039,3.660780489066872,-6.704156052916445,-1.9360923529407674,-5.050973112648746,-272.181974957138,-22.478047730262976
132.0,132.0,443.92079401016235,0.04217219352722168,69.36379823324842,68.14273904686033,34.68189911662421,34.07136952343018,0.37127875688838663,-0.2833703424896197,3.1261894435941984,-0.004676710695637076,0.0009173499666182416,-0.010555051976249619,6.073282914320629,-6.005553854958127,-1.681468215411198,38.044201960535744,11.016678296770973,4.015321191307509
133.0,133.0,443.96970891952515,0.03895688056945801,68.89324130301884,68.24027048705733,34.44662065150942,34.120135243528665,0.36367797306462213,-0.2831203289344286,3.121704451736916,-0.007600783823764501,0.00025001355519105317,-0.004484991857282239,4.9832034500133435,-6.737618764857073,-1.5980607227794867,-28.771967965703038,-19.322396968383085,2.2014887764390743
134.0,134.0,444.02458095550537,0.06361889839172363,69.10558298925412,68.76803524572577,34.55279149462706,34.38401762286287,0.3445879903733866,-0.2827415021835316,3.1136064199030087,-0.01908998269123552,0.00037882675089701,-0.008098031833907449,4.080045124809613,-5.78412921417512,-1.413665604219377,-14.926024658029613,15.757822463123558,3.0474015570056814
135.0,135.0,444.07347297668457,0.05006909370422363,69.7767378115027,69.17089497401815,34.88836890575135,34.58544748700908,0.3401622609122178,-0.28139890777121773,3.100285560208019,-0.004425729461168815,0.00134259441231388,-0.01332085969498964,4.710266393510846,-5.760260098665984,-1.57136054246355,17.94418255638595,0.6796212495939213,-4.490021045946194
136.0,136.0,444.1664319038391,0.06634807586669922,70.2753892695032,69.76900599331844,35.1376946347516,34.88450299665922,0.32353456914198403,-0.28048232114800803,3.087801504466034,-0.016627691770233766,0.0009165866232097031,-0.012484055741984967,4.381004513150581,-5.000820551930262,-1.6400851330009203,-4.636706290642085,10.694521090200391,-0.9677881354433318
137.0,137.0,444.2198488712311,0.07782292366027832,71.59187424531206,69.96113154418248,35.79593712265603,34.98056577209124,0.30377258103123234,-0.27850601658545326,3.0606691233164067,-0.019761988110751694,0.001976304562554765,-0.02713238114962735,6.851959190731637,-4.693367998349851,-1.6398623269370125,31.741943756001216,3.9495429648843623,0.002862172104257471
138.0,138.0,444.27548694610596,0.04815196990966797,71.14838636472018,70.06665378016808,35.57419318236009,35.03332689008403,0.2899658395125242,-0.2770913954752629,3.045318380219718,-0.013806741518708143,0.0014146211101903616,-0.015350743096688824,5.847488870449523,-7.766316434294704,-1.9466316039132672,-21.782344181663092,-66.63812671483869,-6.652415547310527
139.0,139.0,444.3175129890442,0.05190896987915039,72.54772572652473,70.67649987574163,36.273862863262366,35.33824993787081,0.28076504410804537,-0.275393597792349,3.026678211000341,-0.009200795404478823,0.001697797682913893,-0.018640169219376723,7.359641408663512,-4.83195878864177,-1.9261253652502206,32.382950007613125,62.83966368622354,0.4391438592920901
140.0,140.0,444.40066289901733,0.07637596130371094,73.71341829832636,73.08414616893882,36.85670914916318,36.54207308446939,0.24241840145764834,-0.2720178105962257,2.983694764353796,-0.03834664265039703,0.0033757871961233032,-0.042983446646545076,4.6665892102819795,-7.066681189285981,-2.1692604104008772,-38.59512074474129,-32.02662797834944,-3.48445768355593
141.0,141.0,444.4445559978485,0.04859209060668945,70.22787055223603,74.43880569379223,35.11393527611801,37.219402846896116,0.23819266772139067,-0.27169541836368816,2.980762021203315,-0.004225733736257675,0.00032239223253754945,-0.0029327431504810875,3.896332752986134,16.07916302197781,-0.10079695167468088,-14.370692447708493,431.8325480456052,38.59137034570871
142.0,142.0,444.50609493255615,0.06136202812194824,72.93807925055694,72.26752905678711,36.46903962527847,36.133764528393556,0.23513296000501566,-0.27191076814474113,2.981446986669306,-0.0030597077163750097,-0.00021534978105297586,0.0006849654659908389,4.797590975847488,-6.46477929528149,-2.2683921604730104,13.773550625542967,-344.52959532537784,-33.12644654634239
143.0,143.0,444.6093690395355,0.10462689399719238,75.61080255997422,75.04307250533492,37.80540127998711,37.52153625266746,0.19994739970549325,-0.2681068318393086,2.934465289336055,-0.03518556029952241,0.0038039363054325204,-0.04698169733325086,4.3698141514365805,-5.75066855005764,-2.353380137927292,-4.594277198545497,7.669472787676836,-0.9127617596077239
144.0,144.0,444.6526930332184,0.04305720329284668,74.83010152021166,73.72986790699164,37.41505076010583,36.86493395349581,0.19196910515266685,-0.2668443401554993,2.920548306691384,-0.007978294552826393,0.0012624916838093192,-0.013916982644671005,5.608451263807257,-6.6531315079902145,-2.218183755143953,28.82630375899446,-21.002657757294642,3.1463710866621692
145.0,145.0,444.71188497543335,0.05753493309020996,75.12299936814566,74.30078303434377,37.56149968407283,37.15039151717187,0.17918826216957545,-0.2660893821803569,2.9088668283809596,-0.0127808429830914,0.0007549579751424118,-0.011681478310424431,4.963564013253315,-6.533013311496809,-2.265068201529358,-11.029412716308107,2.054364019022491,-0.8018578576581706
146.0,146.0,444.7473449707031,0.03735804557800293,74.85935918268956,74.15733847709677,37.42967959134478,37.07866923854837,0.17560142599698958,-0.26585467265147006,2.9084365252170445,-0.003586836172585872,0.00023470952888682284,-0.00043030316391501344,4.696808672664732,-5.298933370624465,-2.0791381512251865,-7.236006234855461,33.475656482674864,5.04353914819262
147.0,147.0,444.7942888736725,0.047241926193237305,75.950688457041,75.55864770885046,37.9753442285205,37.77932385442523,0.15499544315989436,-0.26385978288113243,2.8842317926431793,-0.02060598283709522,0.0019948897703376267,-0.02420473257386524,3.923033790249548,-3.9555657558052415,-1.7854075322484229,-16.943434393897736,29.415869609946068,6.431851931633737
148.0,148.0,444.8746829032898,0.075531005859375,76.17919538787282,76.28507921931904,38.08959769393641,38.142539609659536,0.14651451703612944,-0.2625158323588567,2.8687843998095395,-0.008480926123764915,0.0013439505222757053,-0.015447392833639828,2.5082554882089134,-5.096679188504741,-2.0524604064177963,-22.163413964204846,-17.876277401593494,-4.183555396636648
149.0,149.0,444.90773487091064,0.03750205039978027,76.54743600169309,76.6815119631668,38.27371800084654,38.340755981583385,0.13044175067862127,-0.26111530817314965,2.851873031218934,-0.016072766357508178,0.001400524185707075,-0.01691136859060549,2.3318461562188957,-5.2136391456228335,-1.951157384593477,-4.854667034984282,-3.2186599304537356,2.787791524671971
150.0,150.0,444.9747829437256,0.06729388236999512,76.37107006111682,79.07372753399068,38.18553503055841,39.53686376699534,0.10564016863735753,-0.2588920878141813,2.8237945898460466,-0.02480158204126373,0.0022232203589683253,-0.028078441372887397,4.921812193612557,9.555853757501682,-0.9958340773877825,32.8825282357917,187.5153034454635,12.128902529978035
151.0,151.0,445.01355504989624,0.037203073501586914,76.51341899387216,78.99158335380378,38.25670949693608,39.49579167690189,0.08989457034075032,-0.25741277266119317,2.8050116682245423,-0.01574559829660721,0.0014793151529881587,-0.0187829216215043,3.3161765409214907,8.62650585320503,-0.8539173005756481,-40.18116536970926,-23.257008379173907,3.5514791093902454
152.0,152.0,445.0505578517914,0.038255929946899414,77.74691864715692,76.77111567963541,38.87345932357846,38.38555783981769,0.0859320330805417,-0.25699351190335173,2.7990419383187963,-0.003962537260208621,0.00041926075784143313,-0.005969729905745957,5.088874121232213,-6.029774019156787,-1.986151052530616,49.372045418786584,-408.19738435128863,-31.53425426146597
153.0,153.0,445.06742787361145,0.01775813102722168,78.06253342264154,77.46934070063952,39.03126671132077,38.73467035031976,0.08157167844112943,-0.2560684165167331,2.7887529158141575,-0.00436035463941227,0.0009250953866186129,-0.010289022504638812,4.134808118866314,-5.954820302067054,-1.926768581289551,-65.92057936853094,5.178879075585403,4.102993816820709
154.0,154.0,445.09637093544006,0.027187824249267578,77.75070987923982,77.00395103149239,38.87535493961991,38.50197551574621,0.07785118288095424,-0.2562923692172889,2.790608966754037,-0.0037204955601751882,-0.00022395270055575178,0.0018560509398795055,4.593637446369922,-5.333841382023048,-1.8910554365499925,12.604100465436863,17.058370566104635,0.9810446657434797
155.0,155.0,445.11848402023315,0.023260116577148438,78.324766772555,77.9161968809677,39.1623833862775,38.958098440483866,0.07329642228390974,-0.25555333555490134,2.782588257828387,-0.004554760597044502,0.0007390336623875338,-0.008020708925649878,3.644306235420882,-5.9832447441118175,-2.0565064379278732,-41.55916600989876,-28.429131815284133,-7.242999654349761
156.0,156.0,445.1682970523834,0.05033707618713379,77.25287078806423,79.49214025401014,38.626435394032114,39.746070127005055,0.0640608173257677,-0.2547042784506065,2.7732361242222394,-0.009235604958142046,0.0008490571042948369,-0.009352133606147728,7.609464124638339,8.628033973548094,-0.9451540189187748,96.95442676641115,357.26903996616335,27.174336995129494
157.0,157.0,445.2067048549652,0.037904977798461914,80.175166844871,79.73042424644294,40.0875834224355,39.865212123221454,0.04675348407583614,-0.25271678690351473,2.751235556291079,-0.017307333249931556,0.0019874915470917687,-0.022000567931160564,3.632952188730569,-5.907358518005242,-2.4347248773263552,-82.8487689383588,-302.8381137465768,-31.034513124716728
158.0,158.0,445.2763638496399,0.06953096389770508,78.22393368912867,80.5974391077232,39.111966844564336,40.29871955386159,0.04180262589434004,-0.25241974626914526,2.7477353973642766,-0.004950858181496098,0.00029704063436947203,-0.0035001589268022215,4.659312038281129,7.913834786673974,-1.3139471519114347,19.046137881584237,256.47958996469055,20.79824839427272
159.0,159.0,445.3011648654938,0.022291898727416992,77.92667748620761,80.88482230228595,38.963338743103805,40.44241115114298,0.03712329088896126,-0.25171248593212747,2.7402405313419274,-0.0046793350053787805,0.0007072603370177899,-0.007494866022349278,6.88931114793135,9.542086664683326,-1.0683143276993825,75.17516625624786,54.88975538452127,8.28049137698045
160.0,160.0,445.33301997184753,0.035082101821899414,78.56693777890973,81.16197506141248,39.283468889454866,40.58098753070624,0.028899414395802663,-0.25101099151081835,2.732053175309335,-0.008223876493158599,0.0007014944213091234,-0.008187356032592241,5.635898246501031,8.332809734560975,-1.2567950583070853,-30.25305710935348,-29.18776724435128,-4.549273667584392
161.0,161.0,445.3965790271759,0.06094789505004883,79.25897918913779,81.84259672914553,39.629489594568895,40.92129836457278,0.005527759893389636,-0.24821619408421375,2.7015225912727843,-0.023371654502413026,0.0027947974266046005,-0.030530584036550845,7.0216962088519805,7.848870809584373,-0.7528093859634606,23.412690421292254,-8.176020272153348,8.514704772209708
162.0,162.0,445.43275785446167,0.038915157318115234,79.74745896123795,82.29522313675145,39.87372948061898,41.14761156837571,-0.022525334639829885,-0.24495804780302424,2.665595170611025,-0.02805309453321952,0.0032581462811895057,-0.035927420661759246,8.97889965294382,7.625135644183617,-0.39278052591286683,50.60383690579128,-5.784711780580137,9.308609061758478
163.0,163.0,445.48430585861206,0.051661014556884766,81.41151553401164,81.38738272801524,40.70575776700582,40.693691364007606,-0.02670751567093932,-0.24535737386575512,2.66763828948702,-0.0041821810311094346,-0.00039932606273088145,0.0020431188759948427,1.9740532521770031,-6.192579528362122,-1.964711963538292,-179.19719484570166,-353.48323952200155,-40.21297370366483
164.0,164.0,445.55098390579224,0.06627392768859863,82.37958827853367,82.41413295954544,41.18979413926684,41.20706647977272,-0.03469851448116188,-0.24429507744639709,2.654869364881257,-0.007990998810222562,0.0010622964193580386,-0.012768924605762955,1.6603059610980329,-6.6760472184374136,-2.076339751238185,-5.83314428681727,-8.988561413630176,-2.075367694275294
165.0,165.0,445.5723829269409,0.02140498161315918,81.98756406932466,81.86170237390664,40.99378203466233,40.930851186953305,-0.038568282827925654,-0.2440984853001391,2.653575486713283,-0.003869768346763773,0.0001965921462579734,-0.0012938781679738831,2.2382181742984195,-6.03933062436313,-1.9648082071326467,13.92260531229134,15.33927408453797,2.6869300094085355
166.0,166.0,445.612370967865,0.040338993072509766,82.81670701182611,82.77098409968656,41.408353505913055,41.385492049843265,-0.047201853383516,-0.24344203174927304,2.6430603537900845,-0.008633570555590345,0.0006564535508660763,-0.0105151329231985,2.147127726240153,-4.8235101235689894,-2.003881990040615,-2.004980324170212,26.761271173633293,-0.8600480905666752
167.0,167.0,445.65746688842773,0.045166969299316406,83.30210781458482,82.96104822817765,41.65105390729241,41.48052411408884,-0.055333802549834256,-0.2423719295868112,2.632410763253462,-0.008131949166318257,0.001070102162461839,-0.010649590536622622,2.933467091949718,-5.502456202742739,-2.1690403241184733,18.78408007058292,-16.218668517631492,-3.9453033981620944
168.0,168.0,445.7113199234009,0.053852081298828125,82.50377719416406,83.59753838715844,41.25188859708203,41.79876919357923,-0.06788777522740816,-0.24110811091048562,2.6189167161759097,-0.012553972677573903,0.0012638186763255788,-0.013494047077552196,5.320910169693255,2.9401154037289903,-1.3350783895149025,62.22641916166133,220.04754981768173,21.736419766941303
169.0,169.0,445.759703874588,0.04771089553833008,85.56861157879166,85.4114628775796,42.78430578939583,42.7057314387898,-0.09329207140825439,-0.23869380026953924,2.5905621551388758,-0.025404296180846234,0.002414310640946382,-0.028354561037033932,2.332011509228068,-4.556884083606591,-2.2711581240007517,-61.72227526689498,-154.8168468050632,-19.330521910269535
170.0,170.0,445.8098599910736,0.0501711368560791,85.45764417280179,85.66573037164227,42.728822086400896,42.832865185821134,-0.09685259874483103,-0.23738507352050606,2.5762290499969374,-0.0035605273365766354,0.0013087267490331789,-0.014333105141938418,0.3986772159768516,-6.852914191221071,-2.2756685325423684,-38.18871507733235,-45.35296347597176,-0.08909307990834227
171.0,171.0,445.90615487098694,0.0951998233795166,86.83275931033018,86.9270952176451,43.41637965516509,43.46354760882255,-0.11744333727957877,-0.23558397302874934,2.5515104618577515,-0.020590738534747743,0.0018011004917567186,-0.024718588139185815,0.6296803480394695,-5.392494533716147,-2.231850185338672,3.047374108172063,19.265734674712714,0.5780479924196088
172.0,172.0,445.92693305015564,0.022164106369018555,85.70742817131327,85.32379800099253,42.853714085656634,42.66189900049628,-0.12160548184219289,-0.23582929445410614,2.5533844841230584,-0.004162144562614115,-0.00024532142535679813,0.0018740222653068628,2.7419140162060853,-5.355538693861787,-2.2484930928780873,54.29088889973778,0.9498785224226918,-0.42777381016527094
173.0,173.0,446.01490807533264,0.0881199836730957,87.56311434279496,86.63475925121381,43.78155717139748,43.31737962560689,-0.1449097745917293,-0.23360182365455412,2.5216131636449943,-0.02330429274953641,0.002227470799552017,-0.03177132047806408,3.254679729458614,-7.488844924262781,-2.053506398199021,5.5783972665817645,-23.20831782797067,2.1212675038626
174.0,174.0,446.06535601615906,0.049844980239868164,88.20923140483615,88.22475350224443,44.10461570241807,44.11237675112221,-0.16817829233393727,-0.2316548287823111,2.493640180382768,-0.023268517742207978,0.0019469948722430075,-0.027972983262226414,0.1544843683428382,-5.158159796026432,-1.5380836272769118,-62.911117580878425,47.29573109667201,10.45928361549214
175.0,175.0,446.11191391944885,0.046482086181640625,87.68330354636964,87.47216573227513,43.84165177318482,43.736082866137565,-0.17231177799433342,-0.2313752574020193,2.48791945785789,-0.004133485660396147,0.0002795713802918043,-0.005720722524877875,1.1397237624040233,-5.9192875685506285,-1.7058168435558407,23.131484995457015,-17.86978449693995,-3.9380463255764218
176.0,176.0,446.15526604652405,0.043859004974365234,87.69382062399177,87.87214722712815,43.846910311995885,43.936073613564076,-0.17606485727121443,-0.23104411315386691,2.4821276689628595,-0.0037530792768810106,0.00033114424815239296,-0.005791788895030514,0.8921071473580249,-3.471069078516372,-1.520019581772274,-5.7607960714977,56.95775890053827,4.32256993570068
177.0,177.0,446.19774198532104,0.042860984802246094,88.4833268597813,87.96718439155512,44.24166342989065,43.98359219577756,-0.18336489225835978,-0.22964688873254738,2.464075073471647,-0.0073000349871453485,0.0013972244213195373,-0.018052595491212742,1.0584079822408528,-9.105820899772109,-1.5055228728526386,3.8734978783854666,-131.2452775131347,0.3376589857972941
178.0,178.0,446.2456588745117,0.04790997505187988,88.50812269770927,86.67554350836929,44.254061348854634,43.337771754184644,-0.19584734266945314,-0.2290003311022696,2.455695936190858,-0.01248245041109336,0.0006465576302777665,-0.008379137280788651,4.940411447710282,-9.567937451339871,-1.8631918679504624,77.93446706792594,-9.277376357351134,-7.180504285381613
179.0,179.0,446.3152070045471,0.06891393661499023,88.63242573908695,89.45208993703329,44.31621286954345,44.726044968516646,-0.20852822042851948,-0.22759451519731744,2.439733745000951,-0.012680877759066345,0.0014058159049521735,-0.01596219118990705,1.9868566976314295,-0.36850276353232336,-1.1097731265082293,-63.96436502165895,199.22975809001792,16.31659321381575
180.0,180.0,446.3458490371704,0.029722929000854492,89.83396752347699,90.70889643486026,44.91698376173849,45.35444821743013,-0.2203908255397406,-0.22595666899403213,2.418927887187119,-0.011862605111221114,0.0016378462032853036,-0.02080585781383215,1.2239059930718779,-0.4010697211765579,-1.2097929457854923,-15.24376416309132,-0.6506882015721976,-1.9983971802972553
181.0,181.0,446.4104769229889,0.06528115272521973,90.49668288934942,89.13856076413273,45.248341444674736,44.56928038206638,-0.2292910484123504,-0.2253797194092188,2.4133148241324256,-0.008900222872609803,0.0005769495848133299,-0.005613063054693335,2.9432618275213533,-9.361376548706176,-1.9358739128191076,34.45335696880625,-179.55134329582052,-14.549592495188811
182.0,182.0,446.44268703460693,0.03263092041015625,93.55341516246358,92.24257043367405,46.77670758123179,46.12128521683701,-0.24912361034053404,-0.22239098806108942,2.3757327552977014,-0.01983256192818364,0.002988731348129381,-0.03758206883472415,1.4820121618417155,-13.356915701862135,-2.252211005797982,-26.222469356511706,-71.7008910025271,-5.676743626906768
183.0,183.0,446.4888219833374,0.04586601257324219,92.23524508508677,91.11092558284983,46.11762254254336,45.55546279142493,-0.2584560664693094,-0.22235135919841678,2.3753224151909462,-0.009332456128775368,3.962886267264154e-05,-0.0004103401067552248,1.1417857014418886,-11.375689595401552,-2.1083539957255826,-8.142496383902515,47.415848810202576,3.442869149380648
184.0,184.0,446.544282913208,0.05622410774230957,91.46016593604867,90.5619931584811,45.730082968024306,45.28099657924054,-0.27589223008573477,-0.22068116122137443,2.3557506324398463,-0.01743616361642536,0.001670197977042348,-0.019571782751099942,9.283993733292725,-1.920220064416117,-1.578745008361431,180.2529054360744,209.32600205683667,11.724529555620474
185.0,185.0,446.6278920173645,0.0825037956237793,96.14078481231184,94.44504214929552,48.07039240615592,47.22252107464777,-0.2969495282653173,-0.2191107789088139,2.329932064006216,-0.021057298179582518,0.001570382312560542,-0.025818568433630062,1.7857777853305916,-10.559363155206928,-2.5628452389799263,-107.83847490176647,-124.24715716839458,-14.153215745835857
186.0,186.0,446.6582839488983,0.030941009521484375,93.76820765420672,93.20496132192892,46.88410382710339,46.60248066096446,-0.30181884382958873,-0.21892172590105904,2.3275420379750367,-0.004869315564271448,0.0001890530077548469,-0.0023900260311795485,5.408399617248863,-3.1676011415191954,-2.2089265650640764,91.20821922145467,186.10539036591936,8.910754004921936
187.0,187.0,446.73713088035583,0.07934403419494629,97.41892741377114,95.00416096897538,48.70946370688557,47.50208048448769,-0.3217013624728353,-0.21715316840082344,2.3018633098942116,-0.019882518643246583,0.0017685575002356069,-0.025678728080825053,3.1193213482549274,-11.455200148731187,-2.751188759903328,-30.12182310443663,-109.05594388673373,-7.135590831653976
188.0,188.0,446.7673668861389,0.030231952667236328,96.77881551800215,93.8666550602525,48.389407759001074,46.933327530126235,-0.3293706168474994,-0.21630438062898244,2.2920752020545194,-0.007669254374664092,0.0008487877718409975,-0.009788107839692195,4.238858640553594,-12.509921063655193,-2.7673641792762402,31.04048059994623,-29.243370741885162,-0.44848241741904976
189.0,189.0,446.82204484939575,0.05417203903198242,97.2437058438424,94.7036919779033,48.62185292192123,47.35184598895165,-0.3368098470298723,-0.2154103618045386,2.2796538436888616,-0.0074392301823729134,0.000894018824443843,-0.01242135836565783,2.8074864773086077,-13.088384874903968,-2.446009185803084,-36.678274407159556,-14.822877619398339,8.234578633971962
190.0,190.0,446.9161219596863,0.0883481502532959,97.31543420183436,96.61420031120747,48.65771710091718,48.307100155603734,-0.3582254574408327,-0.21389412207598277,2.261856371107253,-0.02141561041096035,0.0015162397285558293,-0.017797472581608798,2.7893682589887074,-4.421232110391254,-1.8103983113826725,-0.3453786345074097,165.21764635028444,12.11633572404106
191.0,191.0,446.9573390483856,0.04665803909301758,97.19231492302094,96.64434595751237,48.59615746151047,48.322172978756186,-0.36611864652609893,-0.21285169444550742,2.2486479137863196,-0.007893189085266261,0.001042427630475351,-0.013208457320933231,4.334914505808709,-3.632601572782796,-1.8414514959857675,15.974004916580512,8.150896882602433,-0.3209504241920577
192.0,192.0,446.9754948616028,0.01863384246826172,98.28099007900983,98.42395928817683,49.14049503950491,49.211979644088416,-0.3791537822846553,-0.21174894799257135,2.232571515334227,-0.01303513575855636,0.0011027464529360653,-0.016076398452092633,3.907652178297843,-2.2730118087929045,-2.1069755648074606,-24.26796789665023,77.22300474591181,-15.081436305167617
193.0,193.0,447.02393889427185,0.04768800735473633,99.92871798610679,99.56410620921199,49.964358993053395,49.78205310460601,-0.39564958681777423,-0.20989296702157179,2.210492416323919,-0.01649580453311894,0.0018559809709995656,-0.022079099010308134,4.187057798683571,-3.275590934568611,-2.2609554845739397,5.8443069149836,-20.9708742061098,-3.2207867136584625
194.0,194.0,447.07230401039124,0.04894614219665527,103.24927635969198,99.11567473195959,51.62463817984599,49.55783736597979,-0.41109664445514127,-0.20824448558223127,2.189994597175762,-0.015447057637367034,0.0016484814393405156,-0.020497819148156626,3.423244910291659,-17.28038926040762,-3.3752682369873783,-20.321753366913107,-372.6070374777817,-29.64703695407268
195.0,195.0,447.1081700325012,0.036148786544799805,102.31398739782298,97.74255887592656,51.15699369891149,48.871279437963295,-0.41587309504882164,-0.20801510169598442,2.1875224211948514,-0.00477645059368037,0.00022938388624685335,-0.0024721759809107624,4.674242245227395,-17.455684713076412,-3.57681062589862,27.97836795302495,-3.9204565335956225,-4.507465329956153
196.0,196.0,447.18010997772217,0.06624913215637207,100.44832481679555,99.75035285641323,50.224162408397774,49.87517642820663,-0.4241663566954857,-0.2071490890923089,2.1775480626445236,-0.008293261646664052,0.0008660126036755256,-0.0099743585503278,4.747687244908523,-3.845501047949393,-2.0331282778282067,1.7314971386799607,320.86587480960554,36.39296862031998
197.0,197.0,447.2187888622284,0.04327702522277832,99.96906616945842,99.08935568137079,49.98453308472921,49.54467784068538,-0.42797786295020623,-0.20657745753388235,2.1714838739706357,-0.0038115062547205425,0.0005716315584265441,-0.006064188673887916,6.051544728024767,-3.9012736335691547,-1.9363594703703246,25.13316048781388,-1.0750725162474222,1.8653158029515085
198.0,198.0,447.23118805885315,0.011005878448486328,100.93588865578431,99.77956960480034,50.467944327892155,49.88978480240016,-0.4398879257110803,-0.20537143334823,2.156560282835993,-0.011910062760874085,0.0012060241856523546,-0.014923591134642589,6.761119382692545,-4.241415404395267,-1.9704430447109191,31.09150164925544,-14.904025050855573,-1.493443291487447
199.0,199.0,447.2857360839844,0.05693817138671875,102.7943055145546,102.22727687303626,51.3971527572773,51.11363843651813,-0.45947982795595776,-0.20340147344399592,2.1301889094102004,-0.019591902244877446,0.00196995990423407,-0.026371373425792655,5.409097900133251,-3.576765673270228,-1.8423779833097573,-37.736329054822384,18.551066890191766,3.574429370983261
200.0,200.0,447.3339579105377,0.04567694664001465,102.00163766416972,101.24129718668152,51.00081883208486,50.620648593340775,-0.4668851898692098,-0.20241915253691908,2.1186547257587858,-0.007405361913252029,0.000982320907076839,-0.011534183651414676,6.783115250997444,-3.68312837547308,-1.7600722722725735,22.217860775360034,-1.71988491102222,1.330883360163556
201.0,201.0,447.36801385879517,0.03474092483520508,102.69928879301665,101.82178732915045,51.349644396508324,50.91089366457521,-0.4708790059289024,-0.2020762334885269,2.1142028526620233,-0.003993816059692623,0.00034291904839217624,-0.0044518730967624265,5.537093646966501,-4.061469265227207,-1.8986575073661072,-37.801663601320755,-11.478063458003035,-4.204383310986009
202.0,202.0,447.43835496902466,0.06896591186523438,105.14214607540964,104.4774139809227,52.57107303770482,52.23870699046137,-0.4958579295683205,-0.19967608375401832,2.0851216608867795,-0.02497892363941806,0.002400149734508583,-0.02908119177524382,5.4812581068238995,-3.7990884296068526,-1.8342006321781708,-1.730481326522544,8.131830287999199,1.997677797937402
203.0,203.0,447.48063802719116,0.04580211639404297,103.97174321053592,103.37424543887974,51.98587160526796,51.687122719439856,-0.5003903033249899,-0.19936504327695306,2.081372447620014,-0.004532373756669428,0.00031104047706526083,-0.003749213266765583,5.968877352271114,-3.6261681795102234,-1.9216309855473883,5.828790085744342,2.0670140664018835,-1.045104723961898
204.0,203.0,447.4939548969269,0.012716054916381836,1280.0,720.0,0.0,0.0,0.0,0.0,0.0,0.0,0.0,0.0,0.0,0.0,0.0,0.0,0.0,0.0
205.0,203.0,447.52941393852234,0.03611493110656738,1280.0,720.0,0.0,0.0,0.0,0.0,0.0,0.0,0.0,0.0,0.0,0.0,0.0,0.0,0.0,0.0
206.0,204.0,447.564964056015,0.035208940505981445,106.48004210904867,105.77735511153963,53.240021054524334,52.88867755576982,0.0,0.0,0.0,0.0,0.0,0.0,0.0,0.0,0.0,0.0,0.0,0.0
207.0,205.0,447.68907284736633,0.12418913841247559,109.49545086681599,108.85297190665074,54.74772543340799,54.42648595332537,-0.5457199780149556,-0.19457356355791003,2.02503320521831,-0.013077200190013016,0.0013920160768149392,-0.015807129347592763,3.7287400859990836,-3.695045316006597,-2.4585571849783134,-11.491895791316232,1.1242435694965518,-2.4466460780880315
208.0,205.0,447.71851086616516,0.026803970336914062,1280.0,720.0,0.0,0.0,0.0,0.0,0.0,0.0,0.0,0.0,0.0,0.0,0.0,0.0,0.0,0.0
209.0,206.0,447.7375180721283,0.021764039993286133,109.8674528752241,109.48180114154209,54.93372643761205,54.74090057077106,0.0,0.0,0.0,0.0,0.0,0.0,0.0,0.0,0.0,0.0,0.0,0.0
210.0,207.0,447.9335539340973,0.19489097595214844,110.15114114918731,109.98781040218404,55.075570574593655,54.99390520109202,-0.5824357384717644,-0.19084264899709735,1.980001780312867,-0.0033174683049514986,0.00076267383738432,-0.007341184133183853,5.474550392076218,-3.2297499483494745,-2.3291826716794324,1.9667838464105836,1.2231849888959725,0.6349872881158476
211.0,207.0,447.95642495155334,0.02404189109802246,1280.0,720.0,0.0,0.0,0.0,0.0,0.0,0.0,0.0,0.0,0.0,0.0,0.0,0.0,0.0,0.0
212.0,207.0,447.99172496795654,0.03429412841796875,1280.0,720.0,0.0,0.0,0.0,0.0,0.0,0.0,0.0,0.0,0.0,0.0,0.0,0.0,0.0,0.0
212.0,207.0,447.99172496795654,0.03429412841796875,1280.0,720.0,0.0,0.0,0.0,0.0,0.0,0.0,0.0,0.0,0.0,0.0,0.0,0.0,0.0,0.0
212.0,207.0,447.99172496795654,0.03429412841796875,1280.0,720.0,0.0,0.0,0.0,0.0,0.0,0.0,0.0,0.0,0.0,0.0,0.0,0.0,0.0,0.0
212.0,207.0,447.99172496795654,0.03429412841796875,1280.0,720.0,0.0,0.0,0.0,0.0,0.0,0.0,0.0,0.0,0.0,0.0,0.0,0.0,0.0,0.0
